ASX Code,Company Name
14D,1414 Degrees Limited
1AD,AdAlta Limited
1AE,Aurora Energy Metals Limited
1AG,Alterra Limited
1AL,OneAll International Limited
1CG, One Click Group Limited
1MC,Morella Corporation Limited
1PG,1-Page Limited
1ST,1ST Group Limited
1VG,Victory Goldfields Limited
29M,29Metals Limited
2BE,Tubi Limited
360,Life360 Inc
3DA,Amaero International Ltd
3DP,Pointerra Limited
3MF,3D Metalforge Limited
3PL,3P Learning Limited
4DS,4DS Memory Limited
4DX,4DMedical Limited
4WD,Automotive Solutions Group Ltd
5GG,Pentanet Limited
5GN,5G Networks Limited
88E,88 Energy Limited
8CO,8Common Ltd
8IH,8I Holdings Ltd
8VI,8VI Holdings Limited
92E,92 Energy Limited
99L,99 Loyalty Limited
9SP,9 Spokes International Limited
A1C,AIC Resources Limited
A1G,African Gold Limited 
A1M,AIC Mines Limited
A200,BetaShares Australia 200 ETF
A2B,A2B Australia Limited
A2M,The a2 Milk Company Limited
A3D,Aurora Labs Limited
A40,Alita Resources Limited
A4N,Alpha HPA Limited
A8G,Australasian Metals Limited
AAA,BetaShares Australian High Interest Cash ETF
AAC,Australian Agricultural Company Limited
AAG,Aragon Resources Limited
AAH,Arana Therapeutics Limited
AAI,Alcoa Inc.
AAJ,Aruma Resources Limited
AAK,Australia China Holdings Limited
AAP,Australian Agricultural Projects Limited
AAR,Astral Resources NL
AASF,Airlie Australian Share Fund (Managed Fund)
AAT,AAT Corporation Limited
AAU,Antilles Gold Limited
AAU1,Adcorp Australia Limited
AAX,Ausenco Limited
AB1,Abarta Resources Limited
AB11,Animoca Brands Corporation Limited
ABA,Auswide Bank Ltd
ABB,Aussie Broadband Limited
ABB1,ABB Grain Limited
ABC,ADBRI Limited
ABE,Australian Bond Exchange Holdings Limited
ABF,Ausmani Limited
ABL,Abilene Oil and Gas Limited
ABP,Abacus Property Group
ABR,American Pacific Borates Limited
ABT,Abundant Produce Limited
ABV,Advanced Braking Technology Ltd
ABW,Aurora Absolute Return Fund
ABX,ABx Group Limited
ABY,Adore Beauty Group Limited
ABY1,Aditya Birla Minerals Limited
AC8,AusCann Group Holdings Ltd
ACB,A-Cap Energy Limited
ACDC,Global X Battery Tech & Lithium ETF
ACE,Acusensus Limited
ACF,Acrow Formwork and Construction Services Limited
ACL,Australian Clinical Labs Limited
ACN,Acer Energy Limited
ACO,Australian Careers Network Limited
ACP,Audalia Resources Limited
ACQ,Acorn Capital Investment Fund Limited 
ACR,Acrux Limited
ACS,Accent Resources N.L.
ACU,Acumentis Group Limited
ACW,Actinogen Medical Limited
ACX,Aconex Limited
AD1,AD1 Holdings Limited
AD8,Audinate Group limited
ADA,Adacel Technologies Limited
ADD,Adavale Resources Limited
ADE,Adelaide Energy Limited
ADEF,Apostle Dundas Global Equity Fund
ADG,Adtrans Group Limited
ADH,Adairs Limited
ADI2,Adelphi Energy Limited
ADN,Andromeda Metals Limited
ADO,AnteoTech Limited
ADQ,ADG Global Supply Limited
ADR,Adherium Limited
ADS,Adslot Ltd
ADT,Adriatic Metals Plc
ADU,Adamus Resources Limited
ADV,Ardiden Limited
ADX,ADX Energy Ltd
ADY,Admiralty Resources NL
AE1,Aerison Group Ltd
AEB,Affinity Energy and Health Limited
AEC,Ammtec Limited
AED,AED Oil Limited
AEE,Aura Energy Limited
AEF,Australian Ethical Investment Limited
AEG,Absolute Equity Performance Fund Limited
AEH,Aveo Healthcare Limited
AEI,Aeris Environmental Ltd
AEJ,Redbank Energy Limited
AEK,Anatolia Energy Limited
AEO,Austereo Group Limited
AER,Aeeris Ltd
AES,Advanced Energy Systems Limited
AET,Ausmelt Limited
AEV,Avenira Limited
AEZ,APN European Retail Property Group
AFA,ASF Group Limited
AFG,Australian Finance Group Ltd
AFG1,Allco Finance Group Limited
AFI,Australian Foundation Investment Company Limited
AFJ,Affinity Education Group Limited
AFL,AF Legal Group Ltd
AFP,AFT Pharmaceuticals Limited
AFQ,African Petroleum Corporation Limited
AFT,AFT Corporation Limited
AFW,Applyflow Limited
AFY,Afterpay Holdings Limited
AGB,Atlantic Gold Corporation
AGC,Australian Gold and Copper Ltd
AGD,Austral Gold Limited
AGE,Alligator Energy Limited
AGF,AMP Capital China Growth Fund
AGG,AngloGold Ashanti Limited
AGH,Althea Group Holdings Limited
AGI,Ainsworth Game Technology Limited
AGJ,Agricultural Land Trust
AGL,AGL Energy Limited
AGM,Australian Governance and Ethical Index Fund
AGN,Argenica Therapeutics Limited
AGN2,Australian Gemstone House Limited
AGO,Atlas Iron Limited
AGP,Anglo Pacific Group Plc
AGR,Aguia Resources Limited
AGS,Alliance Resources Limited
AGU,Aurium Resources Limited
AGVT,BetaShares Australian Government Bond ETF
AGX1,Antipodes Global Shares (Quoted Managed Fund)
AGY,Argosy Minerals Limited
AHC,Austco Healthcare Limited
AHC1,AHC Limited
AHF,Australian Dairy Nutritionals Group
AHG,Automotive Holdings Group Limited
AHI,Advanced Human Imaging Ltd
AHI2,Allco HIT Limited
AHJ,Air Change International Limited
AHK,Ark Mines Limited
AHL,Adrad Holdings Limited
AHN,Athena Resources Limited
AHQ,Allegiance Coal Limited
AHR,Anchor Resources Limited
AHU,Allco Hybrid Investment Trust
AHX,Apiam Animal Health Limited
AHY,Asaleo Care Limited
AIA,Auckland International Airport Limited
AIB,Aurora Global Income Trust
AIE,Autodom Limited
AIG,Aircruising Australia Limited
AII,Almonty Industries Inc
AII2,Abra Mining Limited
AIM,Ai-Media Technologies Limited
AIO,Asciano Limited
AIQ,Alternative Investment Trust
AIR,Astivita Limited
AIS,Aeris Resources Limited
AIV,Activex Limited
AIY,Authorised Investment Fund Limited
AIZ,Air New Zealand Limited
AJA,Astro Japan Property Group
AJD,Asia Pacific Data Centre Group
AJJ,Asian American Medical Group Limited
AJL,AJ Lucas Group Limited
AJQ,Armour Energy Limited
AJX,Alexium International Group Limited
AJY,Asaplus Resources Limited
AKE,Allkem Limited
AKF,Ask Funding Limited
AKG,Academies Australasia Group Limited
AKI,African Iron Limited
AKL,Auckland Real Estate Trust
AKM,Aspire Mining Limited
AKN,AuKing Mining Limited
AKO,AKORA Resources Limited
AKP,Audio Pixel Holdings Limited
AKR,Astra Capital Limited
AKS,Australian Masters Corporate Bond Fund No1 Limited
AKT,Australian Masters Corporate Bond Fund No2 Limited
AKU,Australian Masters Corporate Bond Fund No3 Limited
AKW,Arturus Capital Limited
AKX,Australian Masters Corporate Bond Fund No4 Limited
AKY,Australian Masters Corporate Bond Fund No5 Limited
AL3,AML3D Limited
AL8,Alderan Resources Limited
ALA,Arovella Therapeutics Limited
ALB,Albion Resources Limited
ALB1,Albidon Limited
ALC,Alcidion Group Limited
ALD,Ampol Limited
ALD2,Allied Gold Mining PLC
ALF,Australian Leaders Fund Limited
ALG,Ardent Leisure Group
ALI,Argo Global Listed Infrastructure Limited
ALK,Alkane Resources Ltd
ALL,Aristocrat Leisure Limited
ALM,Alma Metals Limited
ALM2,Aluminex Resources Limited
ALO,Alloggio Group Limited
ALQ,ALS Limited
ALS,Alesco Corporation Limited
ALT,Analytica Limited
ALU,Altium Limited
ALV,Alvo Minerals Limited
ALX,Atlas Arteria
ALY,Alchemy Resources Limited
ALZ,Australand Property Group
AM7,Arcadia Minerals Limited
AMA,Ama Group Limited
AMB,Ambition Group Limited
AMC,Amcor Plc
AMD,Arrow Minerals Ltd
AME,Alto Metals Limited
AMH,AMCIL Limited
AMI,Aurelia Metals Limited
AML,Aeon Metals Limited
AMM,Armada Metals Limited
AMM1,Amcom Telecommunications Limited
AMN,Agrimin Limited
AMO,Ambertech Limited
AMP,AMP Limited
AMS,Atomos Limited
AMT,Allegra Orthopaedics Limited
AMX,Aerometrex Limited
AMX2,Ampella Mining Limited
AN1,Anagenics Limited
ANB,Australia New Agribusiness & Chemical Group Ltd
AND,Ansarada Group Limited
AND2,Andean Resources Limited
ANG,Austin Engineering Limited
ANI,Australian Industrial REIT
ANL,Amani Gold Limited
ANN,Ansell Limited
ANO,Advance ZincTek Limited
ANP,Antisense Therapeutics Limited
ANQ,AnaeCo Limited
ANR,Anatara Lifesciences Ltd
ANS,AustSino Resources Group Limited
ANW,Aus Tin Mining Ltd
ANX,Anax Metals Limited
ANZ,Australia & New Zealand Banking Group Ltd
AO1,AssetOwl Limited
AOA,Ausmon Resources Limited
AOD,Aurora Dividend Income Trust (Managed Fund)
AOE,Arrow Energy Limited
AOF,Australian Unity Office Property Fund
AOG,Aveo Group
AOH,Altona Mining Limited
AOK,Austex Oil Limited
AON,Apollo Minerals Limited
AOP,Apollo Consolidated Limited
AOU,Auroch Minerals Ltd
AOW,American Patriot Oil & Gas Limited 
APA,APA Group
APB,Arafura Pearls Holdings Limited
APC,Australian Potash Limited
APD,APN Property Group Limited
APE,Eagers Automotive Limited
APG,Austpac Resources NL
APH2,Ascent Pharmahealth Ltd
API,Australian Pharmaceutical Industries Limited
APK,Australian Power and Gas Company Limited
APL,Antipodes Global Investment Company Limited
APM,APM Human Services International Limited
APO,APN Outdoor Group Limited
APR,API Fund
APS,Allup Silica Limited
APT,Afterpay Limited
APW,Aims Property Securities Fund
APX,Appen Limited
APZ,Aspen Group
AQA,Aquila Resources Limited
AQC,Australian Pacific Coal Limited
AQD,Ausquest Limited
AQE,Aequs Capital Limited
AQF,Australian Governance Masters Index Fund Limited
AQI,Alicanto Minerals Limited
AQJ,Aus Asia Minerals Limited
AQN,Aquirian Limited
AQO,Ambassador Oil and Gas Limited
AQP,Aquarius Platinum Limited
AQQ,Aphrodite Gold Limited
AQS,Aquis Entertainment Limited
AQX,Alice Queen Limited
AQZ,Alliance Aviation Services Limited
AR1,Austral Resources Australia Ltd
AR3,Australian Rare Earths Limited
AR9,archTIS Limited
ARA,Ariadne Australia Limited
ARB,ARB Corporation Limited
ARC,ARC Funds Limited
ARD,Argent Minerals Limited
ARE,Argonaut Resources NL
ARF,Arena REIT
ARG,Argo Investments Limited
ARH,Australasian Resources Limited
ARI,A.C.N 004 410 833 Limited
ARJ,The Ark Fund Limited
ARL,Ardea Resources Limited
ARN,Aldoro Resources Ltd
ARO,Astro Resources NL
ARR,American Rare Earths Limited
ARS,ALT RESOURCES LIMITED
ART,Airtasker Limited
ARU,Arafura Resources Limited
ARV,Artemis Resources Limited
ARX,Aroa Biosurgery Limited
AS1,Angel Seafood Holdings Ltd
AS2,Askari Metals Limited
ASB,Austal Limited
ASG,Autosports Group Limited
ASH,Ashley Services Group Limited
ASIA,BetaShares Asia Technology Tigers ETF
ASM,Australian Strategic Materials Limited
ASN,Anson Resources Limited
ASO,Aston Minerals Limited
ASP,Aspermont Limited
ASQ,Australian Silica Quartz Group Ltd
ASR,Asra Minerals Limited
AST,AusNet Services
ASU,Alpha Technologies Corporation Limited
ASW,Advanced Share Registry Ltd
ASX,ASX Limited
ASZ,ASG Group Limited
AT1,Atomo Diagnostics Limited
ATA,Atturra Limited
ATA1,ATC Alloys Ltd
ATC,Altech Chemicals Ltd
ATE,Atherton Resources Ltd
ATEC,BetaShares S&P/ASX Australian Technology ETF
ATH,Alterity Therapeutics Limited
ATI,Atlantic Limited
ATL,Apollo Tourism & Leisure Ltd
ATM,Aneka Tambang (Persero) Tbk (Pt)
ATP,Atlas Pearls Ltd
ATR,Astron Corporation Limited
ATS,Australis Oil and Gas Limited
ATU,Atrum Coal Limited
ATV,Activeport Group Ltd
ATV1,Atlantic Gold NL
ATX,Amplia Therapeutics Limited
AU1,The Agency Group Australia Ltd
AUA,Audeara Limited
AUB,AUB Group Limited
AUC,AusGold Limited
AUDS,Betashares Strong Australian Dollar Fund (Hedge Fund)
AUE,Aurum Resource Limited
AUF,Asian Masters Fund Limited
AUH,AustChina Holdings Limited
AUI,Australian United Investment Company Limited
AUK,Aumake Limited
AUL,Austar Gold Limited
AUMF,ishares Edge MSCI Australia Multifactor ETF
AUN,Aurumin Limited
AUN1,Austar United Communications Limited
AUP,Aurora Property Buy-Write Income Trust
AUQ,Alara Resources Limited
AUR,Auris Minerals Limited
AUST,Betashares Managed Risk Australian Share Fund
AUT,Auteco Minerals Ltd
AUT2,Aurora Oil & Gas Limited
AUW,Australian Wealth Management Limited
AUZ,Australian Mines Limited
AV1,Adveritas Limited
AVA,AVA Risk Group Limited
AVB,Avanco Resources Limited
AVC,Auctus Investment Group Limited
AVD,AVADA Group Limited
AVE,Avecho Biotechnology Limited
AVE1,Aevum Limited
AVG,Australian Vintage Ltd
AVH,"AVITA Medical, Inc."
AVJ,AVJennings Limited
AVL,Australian Vanadium Limited
AVM,Advance Metals Limited
AVM1,Anvil Mining Limited
AVN,Aventus Retail Property Fund
AVO,Avoca Resources Limited
AVQ,Axiom Mining Limited
AVR,Anteris Technologies Ltd
AVS,Avastra Sleep Centres Limited
AVW,Avira Resources Ltd
AVZ,AVZ Minerals Limited
AW1,American West Metals Limited
AWB,AWB Limited
AWC,Alumina Limited
AWE,AWE Limited
AWJ,Auric Mining Limited
AWN,AWN Holdings Limited
AWV,Anova Metals Limited
AX1,Accent Group Limited
AX8,Accelerate Resources Limited
AXA,AXA Asia Pacific Holdings Limited
AXE,Archer Materials Limited
AXI,Axiom Properties Limited
AXL,A.C.N. 603 323 182 Pty Limited
AXM,Apex Minerals NL
AXO,Aurox Resources Limited
AXP,AXP Energy Limited
AXP1,"AirXpanders, Inc."
AXT,Argo Exploration Limited
AXZ,Amex Resources Limited
AYA,Artrya Limited
AYD,Australian Masters Yield Fund No 1 Limited
AYH,Australian Masters Yield Fund No 2 Limited
AYI,A1 Investments & Resources Ltd
AYJ,Australian Masters Yield Fund No 3 Limited
AYK,Australian Masters Yield Fund No 4 Limited
AYM,Australia United Mining Limited
AYN,Alcyone Resources Limited
AYS,Amaysim Australia Limited
AYT,Austin Metals Limited
AYT1,Adelaide Managed Funds Asset Backed Yield Trust
AYX,Austofix Group Limited
AYZ,Australian Masters Yield Fund No 5 Limited
AZC,Australian Zircon NL
AZD,Amazing Loans Limited
AZG,Allmine Group Limited
AZH,Azimuth Resources Limited
AZI,Altamin Limited
AZJ,Aurizon Holdings Limited
AZL,Arizona Lithium Limited
AZM,Azumah Resources Limited
AZO,Apollo Gas Limited
AZQ,Ascot Resources Limited
AZS,Azure Minerals Limited
AZT,Azure Health Technology Limited
AZT2,Aston Resources Limited
AZU,Azurn International Limited
AZX,Auzex Resources Limited
AZY,Antipa Minerals Limited
B2Y,Bounty Mining Limited
B4P,Beforepay Group Limited
BAB,Bullabulling Gold Limited
BAH,Bojun Agriculture Holdings Limited
BAL,Bellamy's Australia Limited
BAO,Brookfield Australian Opportunities Fund
BAP,Bapcor Limited
BAS,Bass Oil Limited
BAT,Battery Minerals Limited
BBC,BNK Banking Corporation Limited
BBG,Billabong International Limited
BBI,Babcock & Brown Infrastructure Group
BBL,Brisbane Broncos Limited
BBN,Baby Bunting Group Limited
BBOZ,Betashares Austalian Equities Strong Bear Hedge Fund
BBR,Bora Bora Resources Limited
BBT,BlueBet Holdings Ltd
BBUS,BetaShares U.S. Equities Strong Bear Hedge Fund - Currency Hedged
BBX,BBX Minerals Limited
BC8,Black Cat Syndicate Limited
BCA,Black Canyon Limited
BCB,Bowen Coking Coal Limited
BCC,Beam Communications Holdings Limited 
BCC2,Buccaneer Energy Limited
BCD,BCD Resources NL
BCI,BCI Minerals Limited
BCK,Brockman Mining Limited
BCN,Beacon Minerals Limited
BCO,BCD Resources (Operations) NL
BCS,BrisConnections Unit Trusts
BCT,Bluechiip Limited
BDC,Bardoc Gold Limited
BDG,Black Dragon Gold Corp
BDL,Brandrill Limited
BDM,Burgundy Diamond Mines Limited
BDM1,BioDiem Ltd
BDR,Beadell Resources Limited
BDT,Birddog Technology Limited
BDX,BCAL Diagnostics Limited
BEAR,BetaShares Australian Equities Bear Hedge Fund
BEC,Becton Property Group
BEE,Broo Ltd
BEG,Bluenergy Group Limited
BEL,Bentley Capital Limited
BEM,BlackEarth Minerals NL
BEN,Bendigo and Adelaide Bank Limited
BET,Betmakers Technology Group Ltd
BEX,BikeExchange Limited
BEZ,Besra Gold Inc
BFC,Beston Global Food Company Limited
BFG,Bell Financial Group Limited
BFL,BSP Financial Group Limited
BGA,Bega Cheese Limited
BGD,Barton Gold Holdings Limited
BGG,Blackgold International Holdings Limited
BGH,Bligh Resources Limited
BGL,Bellevue Gold Limited
BGL2,Bigair Group Limited
BGO,Ballarat South Gold Limited
BGP,Briscoe Group Australasia Limited
BGT,Bio-Gene Technology Ltd
BHD,Benjamin Hornigold Limited
BHG,Beauty Health Group Limited
BHL,Boyuan Holdings Limited
BHP,BHP Group Limited
BHU,Beacon Hill Resources Plc
BHYB,Betashares Australian Major Bank Hybrids Index ETF
BID,Bill Identity Limited
BIG,Big Un Limited
BILL,iShares Core Cash ETF
BIM,Bindi Metals Limited
BIN,Bingo Industries Limited
BIO,Biome Australia Limited
BIQ,"BuildingIQ, Inc"
BIR,Bir Financial Limited
BIS,Bisalloy Steel Group Limited
BIT,Biotron Limited
BIV,Blue Capital Limited
BKG,Booktopia Group Limited
BKI,BKI Investment Company Limited
BKL,Blackmores Limited
BKM,BKM Management Limited
BKN,Bradken Limited
BKR,Broadcast Production Services Limited
BKT,Black Rock Mining Limited
BKW,Brickworks Limited
BKY,Berkeley Energia Limited
BLA,Blue Sky Alternative Investments Limited
BLD,Boral Limited
BLE,Blue Ensign Technologies Limited
BLG,Bluglass Limited
BLR,Black Range Minerals Limited
BLT,Benitec Biopharma Limited
BLU,Blue Energy Limited
BLU1,BlueFreeway Limited
BLV,Blossomvale Holdings Ltd
BLX,Beacon Lighting Group Limited
BLY,Boart Longyear Limited
BLZ,Blaze Minerals Limited
BMB,Balamara Resources Limited
BME,Black Mountain Energy Ltd
BMG,BMG Resources Limited
BMH,Baumart Holdings Limited
BML,Boab Metals Limited
BMM,Balkan Mining and Minerals Limited
BMM1,Bellamel Mining Limited
BMN,Bannerman Energy Ltd
BMO,Bastion Minerals Limited
BMR,Ballymore Resources Limited
BMT,Beamtree Holdings Limited
BNC,Bioniche Life Sciences Inc
BND,Bandanna Energy Limited
BNDS,Betashares Legg Mason Australian Bond Fund (Managed Fund)
BNKS,Betashares Global Banks ETF - Currency Hedged
BNL,Blue Star Helium Limited
BNO,Bionomics Limited
BNR,Bulletin Resources Limited
BNT,Bounty Mining Ltd
BNZ,Benz Mining Corp
BOA,Boadicea Resources Limited
BOC,Bougainville Copper Limited
BOD,Bod Australia Limited
BOE,Boss Energy Ltd
BOK,Black Oak Minerals Limited
BOL,Boom Logistics Limited
BON1,Bonaparte Diamond Mines NL
BOND,SPDR S&P/ASX Australian Bond Fund
BOP,Birch And Prestige Investment Group Limited
BOQ,Bank of Queensland Limited
BOT,Botanix Pharmaceuticals Ltd
BOW,Bow Energy Limited
BOY,Burrup Holdings Limited
BPA,Brookfield Prime Property Fund
BPF,Bulletproof Group Limited 
BPG,Byte Power Group Limited
BPH,BPH Energy Ltd
BPK,Bremer Park Limited
BPM,BPM Minerals Limited
BPP,Babylon Pump & Power Limited
BPT,Beach Energy Limited
BRB,Breaker Resources NL
BRG,Breville Group Limited
BRI,Big River Industries Limited
BRK,Brookside Energy Limited
BRL,Bathurst Resources Limited
BRM,Brockman Resources Limited
BRN,Brainchip Holdings Ltd
BRO,Broad Investments Limited
BRS,Broadspectrum Limited
BRU,Buru Energy Limited
BRV,Big River Gold Limited
BRW,Breakaway Resources Limited
BRX,Belararox Limited
BSA,BSA Limited
BSE,Base Resources Limited
BSL,BlueScope Steel Limited
BSN,Basin Energy Limited
BSN1,Bisan Limited
BSP,Black Star Petroleum Limited
BSR,Bassari Resources Limited
BST,Best & Less Group holdings Ltd
BSX,Blackstone Minerals Limited
BTA,Biota Holdings Limited
BTC,BTC Health Ltd
BTE,Botala Energy Ltd
BTH,Bigtincan Holdings Limited
BTI,Bailador Technology Investments Limited
BTK,Botai Technology Limited
BTN,Butn Limited
BTN1,Brighton Mining Group Limited
BTR,Brightstar Resources Limited
BTR2,Blackthorn Resources Limited
BUB,Bubs Australia Limited
BUD,Buddy Technologies Ltd
BUE,Bluestone Global Limited
BUR,Burley Minerals Ltd
BUX,Buxton Resources Limited
BUY,Bounty Oil & Gas NL
BVA,Bravura Solutions Limited
BVR,Bellavista Resources Limited
BVS, Bravura Solutions Limited
BWD,Blackwood Corporation Limited
BWF,Blackwall Limited
BWN,Bowen Energy Limited
BWP,BWP Trust
BWX,BWX Limited
BXB,Brambles Limited
BXN,Bioxyne Limited
BYE,Byron Energy Limited
BYH,Bryah Resources Limited
BYI,Beyond International Limited
BYL,Brierty Limited
BZL,Braziron Limited
C1X,Cosmos Exploration Limited
C29,C29 Metals Limited
C6C,Copper Mountain Mining Corporation
CA8,CoAssets Limited
CAA,Capral Limited
CAD,Caeneus Minerals Ltd
CAD1,Carillon Development Limited 
CAE,Cannindah Resources Limited
CAF,Centrepoint Alliance Limited
CAG,Cape Range Ltd
CAG1,Cape Range Limited
CAI,Calidus Resources Limted
CAJ,Capitol Health Limited
CAM,Clime Capital Limited
CAN,Cann Group Limited
CAQ,CAQ Holdings Limited
CAR,Carsales.com Limited
CAT,Catapult Group International Limited
CAU,Cronos Australia Limited
CAV,Carnavale Resources Limited
CAY,Canyon Resources Ltd
CAZ,Cazaly Resources Limited
CBA,Commonwealth Bank of Australia
CBC,CBG Capital Limited
CBD,CBD Energy Limited
CBE,Cobre Ltd
CBH,Coolabah Metals Limited
CBH1,CBH Resources Limited
CBK,CB Australia Limited
CBL,Control Bionics Limited
CBL1,CBL Corporation Limited
CBO,Cobram Estate Olives Limited
CBR,Carbon Revolution Limited
CBR2,Constellation Brands Inc.
CBX,Cape Alumina Limited
CBY,Canterbury Resources Ltd
CCA,Change Financial Limited
CCC,Continental Coal Limited
CCC-NZ1,Cavotec MSL Holdings Limited
CCD,Caledon Resources PLC
CCE,Carnegie Clean Energy Limited
CCG,Comms Group Ltd
CCJ,County International Limited
CCK,CCK Financial Solutions Limited
CCL,Coca-Cola Amatil Limited
CCP,Credit Corp Group Limited
CCQ,Contango Capital Partners Limited
CCR,Credit Clear Limited
CCU,Cobar Consolidated Resources Limited
CCV,Cash Converters International
CCX,City Chic Collective Limited
CCZ,Castillo Copper Limited
CD1,CD Private Equity Fund I
CD2,CD Private Equity Fund II
CD3,CD Private Equity Fund III
CDA,Codan Limited
CDB,Condor Blanco Mines Limited
CDC,China Dairy Corporation Limited
CDD,Cardno Limited
CDF,Commonwealth Diversified Share Fund
CDG,Cleveland Mining Company Limited
CDH,Chongherr Investments Ltd
CDI,Challenger Diversified Property Group
CDL,Canada Land Limited
CDM,Cadence Capital Limited
CDO,Cadence Opportunities Fund Limited
CDP,Carindale Property Trust
CDR,Codrus Minerals Limited
CDT,Castle Minerals Limited
CDU,CuDeco Limited
CDV,Cardinal Resources Limited
CDX,Cardiex Limited
CE1,Calima Energy Limited
CEG,CEC Group Limited
CEL,Challenger Exploration Limited
CEN,Contact Energy Limited
CEN2,Central Australian Phosphate Limited
CER,Centro Retail Group
CETF,VanEck FTSE China A50 ETF
CEU,ConnectEast Group
CEY,Centennial Coal Company Limited
CF1,Complii Fintech Solutions Ltd
CFK,CFK Childcare Centres Limited
CFO,CFOAM Limited
CFU,Ceramic Fuel Cells Limited
CG1,Carbonxt Group Limited
CGA,Contango Asset Management Limited
CGB,Cann Global Limited
CGC,Costa Group Holdings Limited
CGF,Challenger Limited
CGG,Citadel Resource Group Limited
CGH,Calibre Group Limited
CGI,Consolidated Global Investments Limited
CGL,The Citadel Group Limited
CGM,Cougar Metals NL
CGN,Crater Gold Mining Limited
CGO,CPT Global Limited
CGS,Cogstate Limited
CGT,Castlemaine Goldfields Limited
CGW,Coats Group PLC
CGX,CGA Mining Limited
CHB,Coca-Cola Hellenic Bottling Company S.A.
CHC,Charter Hall Group
CHF,Charter Pacific Corporation Limited
CHK,Cohiba Minerals Limited
CHL,Camplify Holdings Limited
CHM,Chimeric Therapeutics Limited
CHN,Chalice Mining Limited
CHO,Choiseul Investments Limited
CHP,Chapmans Limited
CHQ,Costaexchange Ltd
CHR,Charger Metals NL
CHR1,Chalmers Limited
CHZ,Chesser Resources Limited
CI1,Credit Intelligence Ltd
CIA,Champion Iron Limited
CIF,Challenger Infrastructure Fund
CII,CI Resources Limited
CIL,Centrebet International Limited
CIM,CIMIC Group Limited
CIN,Carlton Investments Limited
CIO,Connected IO Limited
CIP,Centuria Industrial REIT
CIW,Clime Investment Management Ltd
CIX,Calliden Group Limited
CIY,City Pacific Limited
CJG,China JXY Group Limited
CJO,Cerro Resources NL
CJT,CVC Property Fund
CKA,Cokal Limited
CKF,Collins Foods Limited
CKL,Colorpak Limited
CKP,Cheviot Kirribilly Vineyard Property Limited
CKT,Challenger Kenedix Japanese Trust
CL1,Class Limited
CL8,Carly Holdings Limited
CLA,Celsius Resources Limited
CLB,Candy Club Holdings Limited
CLDD,BetaShares Cloud Computing ETF
CLE,Cyclone Metals Limited
CLF,Concentrated Leaders Fund Limited
CLG,Close the Loop Ltd
CLH,Collection House Limited
CLK,Cypress Lakes Group Limited
CLNE,VanEck Global Clean Energy ETF
CLO,Clough Limited
CLR,Carabella Resources Limited
CLS,CL Asset Holdings Limited
CLT,Cellnet Group Limited
CLU,Cluey Ltd
CLV,Clover Corporation Limited
CLW,Charter Hall Long Wale REIT
CLX,CTI Logistics Limited
CLZ,Classic Minerals Limited
CM1,Coolgardie Minerals Limited
CM8,Crowd Media Holdings Limited
CMC,China Magnesium Corporation Limited
CMD,Cassius Mining Limited
CMG,Critical Minerals Group Limited
CMG1,Chandler Macleod Group Limited
CMJ,Consolidated Media Holdings Limited
CML,Chase Mining Corporation Limited
CMM,Capricorn Metals Ltd
CMO,Cosmo Metals Limited
CMP,Compumedics Limited
CMR,Compass Resources Limited
CMV,CMA Corporation Limited
CMW,Cromwell Property Group
CMX,ChemX Materials Limited
CMY,Capital Mining Limited
CNA1,Coal & Allied Industries Limited
CNB,Carnaby Resources Limited
CNB1,CIC Australia Limited
CNC,Consolidated Capital Investments Limited
CNEW,VanEck China New Economy ETF
CNH,China Steel Australia Limited
CNI,Centuria Capital Group
CNJ,Conico Ltd
CNP,CNPR Group
CNQ,Clean TeQ Water Limited
CNR,Cannon Resources Limited
CNR2,Coonawarra Australia Property Trust
CNT,Centamin Egypt Limited
CNU,Chorus Limited
CNW,Cirrus Networks Holdings Limited
CNX,Carbon Energy Limited
CO1,Cobalt One Limited
COB,Cobalt Blue Holdings Limited
COD,Coda Minerals Ltd
COE,Cooper Energy Limited
COF,Centuria Office REIT
COF1,Coffey International Limited
COG,COG Financial Services Limited
COH,Cochlear Limited
COI,Comet Ridge Limited
COJ,Commstrat Limited
COL,Coles Group Limited
COO,Corum Group Limited
CORE,ETFS Global Core Infrastructure ETF
COS,COSOL Limited
COU,Count Financial Limited
COV,Corvette Resources Limited
COY,Coppermoly Limited
CP1,CannPal Animal Therapeutics Limited
CPA,Commonwealth Property Office Fund
CPH,Creso Pharma Limited
CPI,CPI Group Limited
CPK,CP1 Limited
CPL,Coalspur Mines Limited
CPM,Cooper Metals Limited
CPN,Caspin Resources Limited
CPN2,Carpathian Resources Limited
CPO,Culpeo Minerals Limited
CPR,CLIVPEE Limited
CPS,Computronics Holdings Limited
CPT,Cipherpoint Limited
CPU,Computershare Limited
CPV,ClearVue Technologies Limited
CQC,Cuesta Coal Limited
CQE,Charter Hall Social Infrastructure REIT
CQO,Charter Hall Office REIT
CQR,Charter Hall Retail REIT
CQT,Conquest Mining Limited
CR1,Constellation Resources Limited
CR9,Corella Resources Ltd
CRB,Carbine Resources Limited
CRC,Cortona Resources Limited
CRD,Conrad Asia Energy Ltd
CRD2,Credible Labs Inc
CRE,Crescent Gold Limited
CRED,BetaShares Australian Investment Grade Corporate Bond ETF
CRG,Crane Group Limited
CRH,Crowe Horwath Australasia Ltd
CRL,Comet Resources Limited
CRM,Carbon Minerals Limited
CRN,Coronado Global Resources Inc
CRR,Critical Resources Limited
CRS,Caprice Resources Limited
CRT,Consolidated Rutile Limited
CRW,Cashrewards Limited
CSD,Consolidated Tin Mines Limited
CSE,Copper Strike Ltd
CSF,Catalano Seafood Ltd
CSJ,Credit Suisse GP100 - Australia Trust
CSK,CrowdSpark Ltd
CSL,CSL Limited
CSR,CSR Limited
CSS,Clean Seas Seafood Limited
CST,Castile Resources Ltd
CST2,Cellestis Limited
CSU,Credit Suisse PL100 Emerging Markets Infrastructure Development Trust
CSV,CSG Limited
CSW,Credit Suisse PL100 World Water Trust
CSX,CleanSpace Holdings Limited
CT1,Constellation Technologies Limited
CTD,Corporate Travel Management Limited
CTE,Cryosite Limited
CTL,Centennial Mining Limited
CTM,Centaurus Metals Limited
CTO,Citigold Corporation Limited
CTP,Central Petroleum Limited
CTQ,Careteq Limited
CTT,Cettire Limited
CTV,Colortv Limited
CTY,Country Road Limited
CU6,Clarity Pharmaceuticals Ltd
CUA,Centuria Urban REIT
CUE,Cue Energy Resources Limited
CUF,CuFe Ltd
CUL,Cullen Resources Limited
CUO,Copperco Limited
CUP,Countplus Limited
CUR,Centaurus Resources Limited
CURE,Global X S&P Biotech ETF
CUS,Copper Search Limited
CUS1,Customers Limited
CUV,Clinuvel Pharmaceuticals Limited
CUY,Curnamona Energy Limited
CV1,CV Check Ltd
CVA,Clever Communications Australia Limited
CVB,Cheviot Bridge Limited
CVC,CVC Limited
CVF,Contrarian Value Fund Limited
CVI,CVI Energy Corporation Limited
CVL,Civmec Limited
CVN,Carnarvon Energy Limited
CVO,Cover-More Group Limited
CVR,Cavalier Resources Limited
CVR2,Central Asia Resources Limited
CVV,Caravel Minerals Limited
CVW,Clearview Wealth Limited
CVY,Coventry Resources Limited
CWC,China Waste Corporation Limited
CWC1,Chew Corporation Limited 
CWH,CWH Resources Ltd
CWK,Coalworks Limited
CWL,Consolidated Financial Holdings Limited
CWN,Crown Resorts Limited
CWP,Cedar Woods Properties Limited
CWT,Challenger Wine Trust
CWX,Carawine Resources Limited
CWY,Cleanaway Waste Management Limited
CXC,Coeur D'Alene Mines Corporation
CXD,CathRx Ltd
CXH,Compass Hotel Group
CXL,Calix Limited
CXM,Centrex Limited
CXO,Core Lithium Ltd
CXP,Corporate Express Australia Limited
CXS,ChemGenex Pharmaceuticals Ltd
CXU,Cauldron Energy Limited
CXX,Cradle Resources Limited
CXZ,Connexion Telematics Ltd
CY5,Cygnus Gold Limited
CYA,Century Australia Investments Limited
CYC,Cyclopharm Limited
CYG,Coventry Group Limited
CYL,Catalyst Metals Limited
CYM,Cyprium Metals Limited
CYO,Clarity Oss Limited
CYP,Cynata Therapeutics Limited
CYQ,Cycliq Group Ltd
CYT,Cytopia Limited
CZI,Cassini Resources Limited
CZL,Consolidated Zinc Limited
CZN,Corazon Mining Limited
CZR,CZR Resources Ltd
CZZ,Capilano Honey Limited
D13,Delaware Thirteen Ltd
D2O,Duxton Water Limited
DAF,Discovery Alaska Limited
DAL,Dalaroo Metals Ltd
DBBF,BetaShares Ethical Diversified Balanced ETF
DBF,Duxton Farms Ltd
DBI,Dalrymple Bay Infrastructure Limited
DBO,Diablo Resources Limited
DBS,Dark Blue Sea Limited
DC2,DC Two Limited
DCC,DigitalX Limited
DCG,Decmil Group Limited
DCL,DomaCom Limited
DCN,Dacian Gold Limited
DCX,DiscovEx Resources Limited
DDB,Dynamic Group Holdings Limited
DDD,3D Resources Limited
DDH,DDH1 Limited
DDR,Dicker Data Limited
DDT,DataDot Technology Limited
DEG,De Grey Mining Limited
DEL,Delorean Corporation Limited
DEM,De.mem Limited
DES,Destra Corporation Limited
DET,Dealt Limited
DEV,DevEx Resources Limited
DEX,Duke Exploration Limited
DEX1,Dexion Limited
DFM,Dongfang Modern Agriculture Holding Group Limited
DGA,Digga Australian Mining Fund
DGGF,BetaShares Ethical Diversified Growth ETF
DGH,Desane Group Holdings Limited
DGL,DGL Group Limited
DGO,DGO Gold Limited
DGR,DGR Global Limited
DGX,Diploma Group Limited
DHG,Domain Holdings Australia Limited
DHHF,BetaShares Diversified All Growth ETF
DIG,Asia Pacific Digital Limited
DIO,Dioro Exploration NL
DIR,Direct Nickel Limited
DIV,UBS IQ Morningstar Australia Dividend Yield ETF
DJRE,SPDR Dow Jones Global Real Estate ESG Fund
DJS,David Jones Limited
DJW,Djerriwarrh Investments Limited
DKM,Duketon Mining Limited
DKN,DKN Financial Group Limited
DKS,Danks Holdings Limited
DLM,Dominion Minerals Limited
DLS,Drillsearch Energy Limited
DLT,Delta Drone International Limited
DLX,DuluxGroup Limited
DM1,Desert Metals Limited
DMA,Dynasty Resources Limited
DMC,Design Milk Co Limited
DME,Dome Gold Mines Limited
DMG,Dragon Mountain Gold Limited
DMKT,AMP Capital Dynamic Markets Fund (Hedge Fund)
DML,Discovery Metals Limited
DMM,DMC Mining Limited
DMM1,DMC Mining Limited1
DMP,Domino's Pizza Enterprises Limited
DMX,DMX Corporation Limited
DN8,Dreamscape Networks Limited
DNA,Donaco International Limited
DNK,Danakali Limited
DOC,Doctor Care Anywhere Group PLC
DOM,Dominion Mining Limited
DOR,Doriemus PLC
DOU,Douugh Limited
DOW,Downer EDI Limited
DRA,DRA Global Limited
DRA1,Dragon Mining Limited
DRE,Dreadnought Resources Ltd
DRM,Demetallica Limited
DRM2,Doray Minerals Limited
DRO,DroneShield Limited
DRR,Deterra Royalties Limited
DRUG,Betashares Global Healthcare ETF - Currency Hedged
DRX,Diatreme Resources Limited
DSB,Delta SBD Limited
DSE,Dropsuite Limited
DSH,DSHE Holdings Limited
DSK,Dusk Group Limited
DSQ,DSQ Holdings Limited
DSX,Decimal Software Limited
DTC,Damstra Holdings Limited
DTE,Dart Energy Limited
DTI,DTI Group Limited
DTL,Data3 Limited
DTM,Dart Mining NL
DTO,D2 Marketing Ltd
DTR,Dateline Resources Limited 
DTS,Dragontail Systems Limited
DTZ,Dotz Nano Limited
DUB,Dubber Corporation Limited
DUE,DUET Group
DUG,DUG Technology Ltd
DUI,Diversified United Investment Limited
DUN,Dundas Minerals Limited
DUR,Duratec Limited
DVA,Diversa Limited
DVDY,VanEck Morningstar Australian Moat Income ETF
DVL,Dorsavi Ltd
DVN,Devine Limited
DVP,Develop Global Limited
DVR,Diverger Limited
DW8,DW8 Limited
DWS,DWS Limited
DXB,Dimerix Limited
DXC,Dexus Convenience Retail REIT
DXF,Ding Sheng Xin Finance Co. Limited
DXI,Dexus Industria REIT
DXN,DXN Limited
DXS,Dexus
DYL,Deep Yellow Limited
DZZF,BetaShares Ethical Diversified High Growth ETF
E200,SPDR S&P/ASX 200 ESG Fund
E25,Element 25 Limited
E2M,E2 Metals Limited
E33,East 33 Limited
E3S,E3Sixty Limited
E79,E79 Gold Mines Limited
E88,Ensogo Limited
EAF,Evans & Partners Asia Fund
EAI,Ellerston Asian Investment Limited
EAL,E&A Limited
EAR,Echo Resources Limited
EAU,Eldorado Gold Corporation
EAX,Energy Action Limited
EBG,Eumundi Group Limited
EBND,VanEck Emerging Income Opportunities Active ETF (Managed Fund)
EBO,EBOS Group Limited
EBR,EBR Systems Inc
ECF,Elanor Commercial Property Fund
ECG,Ecargo Holdings Limited
ECL,Excelsior Capital Ltd
ECO,Echoice Limited
ECP,ECP Emerging Growth Limited
ECS,ECS Botanics Holdings Ltd 
ECT,Environmental Clean Technologies Limited
ECV,Ecosave Holdings Limited
ECX,Eclipx Group Limited
EDC,Eildon Capital Group
EDE,Eden Innovations Ltd
EDT,EDT Retail Trust
EDU,EDU Holdings Limited
EDV,Endeavour Group Limited
EEG,Empire Energy Group Limited
EEL,ENRG Elements Ltd
EER,East Energy Resources Limited
EEU,BetaShares Euro ETF
EFE,Eastern Resources Limited
EFF,Evans & Partners Australian Flagship Fund
EFG,Everest Financial Group Limited
EFT,Eftel Limited
EGA,Egan Street Resources Limited
EGD,Evans & Partners Global Disruption Fund
EGF,Evans & Partners Global Flagship Fund
EGF1,Ellerston Gems Fund
EGG,Enero Group Limited
EGH,Eureka Group Holdings Limited
EGI,Ellerston Global Investments Limited
EGL,The Environmental Group Limited
EGN,Engenco Limited
EGO,Empire Oil & Gas NL
EGR,EcoGraf Limited
EGY,Energy Technologies Limited
EHE,Estia Health Limited
EHH,Eagle Health Holdings Limited
EHL,Emeco Holdings Limited
EIGA,Einvest Income Generator Fund (Managed Fund)
EIM,El Corporation Limited
EINC,Betashares Legg Mason Equity Income Fund (Managed Fund)
EIQ,Echo IQ Limited
EKA,Eureka Energy Limited
EL8,Elevate Uranium Ltd
ELD,Elders Limited
ELE,Elmore Ltd
ELI,Emerging Leaders Investment Limited
ELK,ELK Petroleum Limited
ELO,ELMO Software Limited
ELR,Elsmore Resources Ltd
ELS,Elsight Limited
ELT,Elementos Limited
EM1,Emerge Gaming Limited
EM2,Eagle Mountain Mining Limited
EMB,Embelton Limited
EMD,Emyria Limited
EME,Energy Metals Limited
EMH,European Metals Holdings Limited
EMH1,Emu Hill Gold Mines N.L. 
EMKT,VanEck MSCI Multifactor Emerging Markets Equity ETF
EML,EML Payments Limited
EMM,Electrometals Technologies Limited
EMMG,BetaShares Legg Mason Emerging Markets Fund (managed fund)
EMN,Euro Manganese Inc
EMO,EnterMo Limited
EMP,Emperor Energy Limited
EMR,Emerald Resources NL
EMS,Eastern Metals Limited
EMT,eMetals Limited
EMU,Emu NL
EMV,EMvision Medical Devices Limited
ENA,Ensurance Ltd
ENB,Eneabba Gas Limited
ENC,Enice Holding Company Limited
ENE1,Energy Developments Limited
ENG,Engin Limited
ENK,ENK PLC
ENN,Elanor Investor Group
ENR,Encounter Resources Limited
ENT,Enterprise Metals Limited
ENV,eNova Mining Limited
ENV1,Envestra Limited
ENX,Enegex Limited
EOC,Endocoal Limited
EOF,Ecofibre Limited
EOL,Energy One Limited
EON,Espreon Limited
EOR,EOR Group Limited
EOS,Electro Optic Systems Holdings Limited
EP1,E&P Financial Group Limited
EPA,Ephraim Resources Limited
EPD,Empired Ltd
EPF,Esplanade Property Fund
EPL,Eyecare Partners Limited
EPM,Eclipse Metals Ltd
EPN,Epsilon Healthcare Limited
EPW,ERM Power Limited
EPX,EP&T Global Limited
EPX1,Ethane Pipeline Income Fund
EPY,Earlypay Ltd
EPY1,E-pay Asia Limited
EQE,Equus Mining Limited
EQN,Equinox Resources Limited
EQN1,Equinox Minerals Limited
EQR,EQ Resources Limited
EQS,Equity Story Group Ltd
EQT,EQT Holdings Limited
EQX,Equatorial Resources Limited
ERA,Energy Resources of Australia Limited
ERC,eircom Holdings Limited
ERD,EROAD Limited
ERF,Elanor Retail Property Fund
ERG,Eneco Refresh Ltd
ERL,Empire Resources Limited
ERM,Emmerson Resources Limited
ERTH,BetaShares Climate Change Innovation ETF
ERW,Errawarra Resources Ltd
ERX,Exore Resources Ltd
ESE,Esense-Lab Ltd
ESG,Eastern Star Gas Limited
ESGI,VanEck MSCI International Sustainable Equity ETF
ESK,Etherstack PLC
ESL,Eco Systems Ltd
ESPO,VanEck Video Gaming and Esports ETF
ESR,Estrella Resources Limited
ESS,Essential Metals Limited
ESS1,Essa Australia Limited
ESTX,Global X EURO STOXX 50 ETF
ETF,UBS IQ Morningstar Australia Quality ETF
ETHI,Betashares Global Sustainability Leaders ETF
ETPMAG,ETFS Physical Silver
EUR,European Lithium Limited
EUZ,Europa Metals Ltd
EV1,Evolution Energy Minerals Limited
EVE,EVE Health Group Limited
EVM,EnviroMission Limited
EVN,Evolution Mining Limited
EVO,Evolve Education Group Limited
EVR,EV Resources Limited
EVR1,Endeavour Mining Corporation
EVS,EnviroSuite Limited
EVT,Event Hospitality and Entertainment Ltd
EVZ,EVZ Limited
EWC,Energy World Corporation Ltd
EWE,East West Energy Limited
EX1,Exopharm Limited
EX20,Betashares Australian Ex-20 Portfolio Diversifier ETF
EXC,Exterra Resources Limited
EXG,Excelsior Gold Limited
EXL,Elixinol Wellness Limited
EXO,Ennox Group Ltd
EXP,Experience Co Limited
EXR,Elixir Energy Limited
EXS,Exco Resources Limited
EXT,Extract Resources Ltd
EXU,Explaurum Limited
EYE,Nova Eye Medical Limited
EZL,Euroz Hartleys Group Limited
EZZ,EZZ Life Science Holdings Limited
F100,BetaShares FTSE 100 ETF
FAC,Facilitate Digital Holdings Limited
FAIR,BetaShares Australian Sustainability Leaders ETF
FAL,Falcon Metals Ltd
FAN,Fantastic Holdings Limited
FANG,Global X FANG+ ETF
FAR,Far Limited
FAS,Fairstar Resources Limited
FAU,First Au Limited
FBR,FBR Ltd
FBU,Fletcher Building Limited
FCC,First Cobalt Corp.
FCG,Frontier Capital Group Limited
FCL,FINEOS Corporation Holdings PLC
FCT,Firstwave Cloud Technology Limited
FDM,Freedom Oil and Gas Ltd
FDR,Finder Energy Holdings Limited
FDV,Frontier Digital Ventures Limited
FDX,Frontier Diamonds Limited
FE8,Faster Enterprises Ltd
FEA,Forest Enterprises Australia Limited
FEG,Far East Gold Ltd
FEI,FE Investments Group Limited
FEMX,Fidelity Global Emerging Markets Fund (Managed Fund)
FEX,Fenix Resources Ltd
FFC,Farmaforce Limited
FFF,Forbidden Foods Limited
FFG,Fatfish Group Limited
FFI,FFI Holdings Limited
FFR,Firefly Resources Limited
FFT,Future First Technologies Ltd
FFX,Firefinch Limited
FG1,Flynn Gold Limited
FGE,Forge Group Limited
FGF,First Growth Funds Limited
FGG,Future Generation Global Investment Company Ltd
FGI,Flat Glass Industries Limited
FGL,Frugl Group Limited
FGL1,Foster's Group Limited
FGR,First Graphene Limited
FGX,Future Generation Investment Company Limited
FHE,Frontier Energy Limited
FHS,Freehill Mining Limited
FID,Fiducian Group Limited
FIG,Freedom Insurance Group Ltd
FIJ,Fiji Kava Limited
FIN,Fin Resources Limited
FIT,Fitgenes Limited
FIT1,Flinders Industrial Property Trust 
FLC,Fluence Corporation Limited
FLK,Folkestone Limited
FLN,Freelancer Limited
FLOT,VanEck Australian Floating Rate ETF
FLR,Frankland River Olive Company Limited
FLT,Flight Centre Travel Group Limited
FLX,Felix Group Holdings Ltd
FLX1,Felix Resources Limited
FME,Future Metals NL
FMG,Fortescue Metals Group Ltd
FML,Focus Minerals Limited
FMS,Flinders Mines Limited
FND,Findi Limited
FND1,Finders Resources Limited
FNX,Finexia Financial Group Limited
FOD,The Food Revolution Group Limited
FOOD,Betashares Global Agriculture ETF - Currency Hedged
FOR,Forager Australian Shares Fund
FOS,FOS Capital Ltd
FOX,"Twenty-First Century Fox, Inc."
FPA,Fisher & Paykel Appliances Holdings Limited
FPC,Fat Prophets Global Contrarian Fund Limited
FPH,Fisher & Paykel Healthcare Corporation Limited
FPP,Fat Prophets Global Property Fund
FRB,Firebird Metals Limited
FRE,Firebrick Pharma Limited
FRI,Finbar Group Limited
FRM,Farm Pride Foods Limited
FRS,Forrestania Resources Limited
FRS1,FerrAus Limited
FRX,Flexiroam Limited
FSA,FSA Group Limited
FSE,Firestone Energy Limited
FSF,Fonterra Shareholders' Fund
FSG,Field Solutions Holdings Limited
FSI,Flagship Investments Limited
FSN,Fusion Resources Limited
FST,Folkestone Social Infrastructure Fund
FST1,First Australian Building Society Limited 
FTC,FinTech Chain Limited
FTE,Forte Energy NL
FTH,Fifth Element Resources Limited
FTL,Firetail Resources Limited
FTZ,Fertoz Limited
FUEL,Betashares Global Energy Companies ETF-Currency Hedged
FUL,Fulcrum Equity Limited
FWD,Fleetwood Limited
FXG,Felix Gold Limited
FXJ,Fairfax Media Limited
FXR,Fox Resources Limited
FYA,Fortune Asia Group Ltd
FYI,FYI Resources Limited
FZO,Family Zone Cyber Safety Limited
FZR,Fitzroy River Corporation Ltd
G1A,Galena Mining Limited
G50,Gold 50 Limited
G6M,Group 6 Metals Limited
G79,Goldoz Limited
G88,Golden Mile Resources Ltd
GAL,Galileo Mining Ltd
GAP,Gale Pacific Limited
GAS,State Gas Limited
GAU,Great Australian Resources Limited
GBA,Grandbridge Limited
GBE,Globe Metals & Mining Limited
GBG,Gindalbie Metals Ltd
GBI,Genera Biosystems Limited
GBM,GBM Gold Ltd
GBND,BetaShares Sustainability Leaders Dvrsfd Bond ETF - Cur Hdg
GBP,Global Petroleum Limited
GBR,Great Boulder Resources Limited
GBT,GBST Holdings Limited
GBZ,GBM Resources Limited
GC1,Glennon Small Companies Limited
GCG,Greencap Limited
GCI,Gryphon Capital Income Trust
GCL,Gloucester Coal Ltd
GCM,Garda Capital Group
GCN,GoConnect Limited
GCR,Golden Cross Resources Limited
GCX,GCX Metals Limited
GCY,Gascoyne Resources Limited
GDA,Good Drinks Australia Ltd
GDA1,Gondwana Resources Limited
GDC,Global Data Centre Group
GDF,Garda Diversified Property Fund
GDG,Generation Development Group Limited
GDI,GDI Property Group
GDO,Gold One International Limited
GDX,VanEck Gold Miners ETF
GEAR,Betashares Geared Australian Equity Fund
GED,Golden Deeps Limited
GEG,Grays eCommerce Group Limited
GEM,G8 Education Limited
GEN,Genmin Limited
GEN2,Genesis Research & Development Corporation Limited
GES,Genesis Resources Limited
GFF,Goodman Fielder Limited
GFI,Global Fortune Investment Limited
GFL,Global Masters Fund Limited
GFN,Gefen International A.I Ltd
GFS,Gasfields Limited
GFY,Godfreys Group Limited
GGB,GGG Resources Plc
GGE,Grand Gulf Energy Limited
GGG,Greenland Minerals Limited
GGOV,BetaShares Global Government Bond 20+ Year ETF - Currency Hedged
GGUS,BetaShares Geared U.S. Equity Fund-Currency Hedged (hedge fund)
GGX,Gas2Grid Limited
GHC,Generation Healthcare REIT
GHT,Geothermal Resources Limited
GIA,Giaconda Limited
GIB,Gibb River Diamonds Limited
GID,"GI Dynamics, Inc"
GIR,Giralia Resources NL
GJT,Galileo Japan Trust
GL1,Global Lithium Resources Limited
GLA,Gladiator Resources Limited
GLB,Globe International Limited
GLE,GLG Corp Limited
GLG,Gerard Lighting Group Limited
GLH,Global Health Limited
GLIN,AMP Capital Global Infrastructure Securities Fund (Unhedged)
GLL,Galilee Energy Limited
GLN,Galan Lithium Limited
GLV,Global Oil and Gas Limited
GLY,Glory Resources Limited
GMA,Genworth Mortgage Insurance Australia Limited
GMC,Gulf Manganese Corporation Limited
GMD,Genesis Minerals Limited
GME,GME Resources Limited
GMF,GPT Metro Office Fund
GMG,Goodman Group
GMI,Global Mining Investments Limited
GML,Gateway Mining Limited
GMM,General Mining Corporation Limited
GMN,Gold Mountain Limited
GMR,Golden Rim Resources Limited
GMV,G Medical Innovations Holdings Limited
GNB,Greenbox Group Limited
GNC,Graincorp Limited
GNE,Genesis Energy Limited
GNG,GR Engineering Services Limited
GNM,Great Northern Minerals Limited
GNP,GenusPlus Group Ltd
GNS,Gunns Limited
GNV,Green Invest Limited
GNX,Genex Power Limited
GO2,The GO2 People Ltd
GOAT,VanEck Morningstar International Wide Moat ETF
GOE,GO energy Group Limited
GOLD,ETFS Physical Gold
GOO,Gooroo Ventures Limited
GOP,Gippsland Offshore Petroleum Limited
GOR,Gold Road Resources Limited
GOVT,SPDR S&P/ASX Australian Government Bond Fund
GOW,Gowing Brothers Ltd
GOZ,Growthpoint Properties Australia
GPR,Geopacific Resources Ltd
GPS,GPS Alliance Holdings Limited
GPT,GPT Group
GQG,GQG Partners Inc.
GRA,Gold Tiger Resources (Australia) Limited 
GRD,GRD Limited
GRE,GreenTech Metals Limited
GRF,Global Resource Masters Fund Limited
GRG,GRG International LTD
GRL,Godolphin Resources Limited
GRNV,VanEck MSCI Australian Sustainable Equity ETF
GROW,Schroder Real Return Fund (Managed Fund)
GRR,Grange Resources Limited
GRV,Greenvale Mining Ltd
GRX,GreenX Metals Limited
GRY,Gryphon Minerals Limited
GSL,Greatcell Solar Limited
GSM,Golden State Mining Limited
GSN,Great Southern Mining Limited
GSR,Greenstone Resources Limited
GSS,Genetic Signatures Limited
GSW,GetSwift Limited
GSZ,Global Strategic Metals N.L.
GT1,Green Technology Metals Limited
GTE,Great Western Exploration Limited
GTG,Genetic Technologies Limited
GTI,Gratifii Limited
GTK,Gentrack Group Limited
GTN,GTN Limited
GTP,Great Southern Limited
GTR,GTI Energy Ltd
GTY,Gateway Lifestyle Group
GUD,GUD Holdings Limited
GUL,Gullewa Limited
GVF,Global Value Fund Limited
GW1,Greenwing Resources Ltd
GWA,GWA Group Limited
GWR,GWR Group Limited
GXL,Greencross Limited
GXY,Galaxy Resources Limited
GZL,Gazal Corporation Limited
HACK,BetaShares Global Cybersecurity ETF 
HAL,Halo Technologies Holdings Ltd
HAO,Haoma Mining NL
HAR,Haranga Resources Limited
HAR2,Haranga Resources Limited1
HAS,Hastings Technology Metals Limited
HAV,Havilah Resources Limited
HAW,Hawthorn Resources Limited
HBRD,Betashares Active Australian Hybrids Fund (Managed Fund)
HCD,Hydrocarbon Dynamics Limited
HCH,Hot Chili Limited
HCT,Holista Colltech Limited
HCW,HealthCo Healthcare and Wellness REIT
HDF,APA Sub Group
HDG,Hodges Resources Limited
HDI,Handini Resources Limited
HDN,HomeCo Daily Needs REIT
HDX,Hughes Drilling Limited
HE8,Helios Energy Ltd
HER,Herald Resources Limited
HETH,BetaShares Global Sustainability Leaders ETF - Currency Hedged
HEUR,Betashares Europe ETF-Currency Hedged 
HFR,Highfield Resources Limited
HFY,Hubify Limited
HGH,Heartland Group Holdings Limited
HGL,Hudson Investment Group Limited
HGO,Hillgrove Resources Limited
HGV,Hygrovest Limited
HHI,Health House International Limited
HHM,Hampton Hill Mining NL
HHR,Hartshead Resources NL
HHY,HHY Fund
HIC,Huntley Investment Company Limited
HIG,Highlands Pacific Limited
HII,Hire Intelligence International Limited
HIL,Hills Limited 
HIN,"HeartWare International, Inc."
HIO,Hawsons Iron Ltd
HIQ,HitIQ Limited
HIT,HiTech Group Australia Limited
HJPN,Betashares Japan ETF-Currency Hedged
HLA,Healthia Limited
HLF,Halo Food Co. Limited
HLO,Helloworld Travel Limited
HLS,Healius Limited
HLTH,VanEck Global Healthcare Leaders ETF
HLX,Helix Resources Limited
HM1,Hearts and Minds Investments Ltd
HMC,Home Consortium
HMC1,Hydromet Corporation Limited
HMD,HeraMED Limited
HMG,Hamelin Gold Limited
HMI,Hiremii Limited
HMI1,Harvest Minerals Ltd
HML,Henry Morgan Limited
HMO,HearMe Out Limited
HMX,Hammer Metals Limited
HMY,Harmoney Corp Limited
HNDQ,BetaShares NASDAQ 100 ETF - Currency Hedged
HNG,Hancock & Gore Ltd
HNR,Hannans Ltd
HOG,Hawkley Oil and Gas Limited
HOR,Horseshoe Metals Limited
HPC,The Hydration Pharmaceuticals Company Limited
HPG,hipages Group Holdings Limited
HPI,Hotel Property Investments
HPP,Health and Plant Protein Group Limited
HPR,High Peak Royalties Limited
HQLT,BetaShares Global Quality Leaders ETF - Currency Hedged
HRE,Heavy Rare Earths Limited
HRL,HRL Holdings Ltd
HRN,Horizon Gold Limited
HRO,Hiro Brands Limited
HRR,Heron Resources Limited
HRS,Hudson Resources Limited
HRZ,Horizon Minerals Limited
HSC,HSC Technology Ltd
HSK,Heemskirk Consolidated Limited
HSN,Hansen Technologies Limited
HSO,Healthscope Limited
HSP,Healthscope Ltd
HST,Hastie Group Limited
HT1,HT&E Limited
HT8,Harris Technology Group Limited
HTA,Hutchison Telecommunications (Australia) Limited
HTG,Harvest Technology Group Ltd
HUB,HUB24 Limited
HUM,Humm Group Limited
HUN,Hunnu Coal Limited
HUO,Huon Aquaculture Group Limited
HVM,Happy Valley Nutrition Limited
HVN,Harvey Norman Holdings Ltd
HVST,Betashares Australian Dividend Harvester Fund 
HVY,Heavy Minerals Limited
HXG,Hexagon Energy Materials Limited
HXL,Hexima Limited
HYD,Hydrix Limited
HYGG,Hyperion Global Growth Companies Fund (Managed Fund)
HYT,Hyterra Ltd
HZL,HZ Lim Limited
HZN,Horizon Oil Limited
HZR,Hazer Group Limited
IAA,iShares Asia 50 ETF
IAB,IAB Holdings Limited
IAF,iShares Core Composite Bond ETF
IAG,Insurance Australia Group Limited
IAM,Income Asset Management Group Limited
IAP,Irongate Group
IAS,International All Sports Limited
IB8,iBosses Corporation Limited
IBC,Ironbark Capital Limited
IBG,Ironbark Zinc Ltd
IBK,iShares MSCI BRIC ETF
IBX,Imagion Biosystems Limited
ICE,iCetana Limited
ICG,Inca Minerals Limited
ICH,Infochoice Limited
ICI,iCandy Interactive Limited
ICL,Iceni Gold Limited
ICL1,International Coal Holdings Limited
ICN,Icon Energy Limited
ICOR,iShares Core Corporate Bond ETF
ICQ,Icar Asia Limited
ICR,InteliCare Holdings Limited
ICS,ICSGlobal Limited
ICT,iCollege Limited
ICT1,Incitec Limited
ICZ,Indus Coal Limited
ID8,identitii Limited
IDA,Indiana Resources Limited
IDC,Indochine Mining Limited
IDE,IDEAS International Limited
IDG,Indago Resources Ltd
IDL,Industrea Limited
IDM,IDM International Ltd
IDO,Indo Mines Limited
IDP,Indopac Holdings Limited
IDT,IDT Australia Limited
IDX,Integral Diagnostics Limited
IEC,Intra Energy Corporation Limited
IEL,IDP Education Limited
IEM,iShares MSCI Emerging Markets ETF
IEQ,International Equities Corporation Limited
IESG,iShares Core MSCI Australia ESG Leaders ETF
IEU,iShares Europe ETF
IFL,Insignia Financial Ltd
IFM,Infomedia Limited
IFN,Infigen Energy
IFRA,VanEck FTSE Global Infrastructure (Hedged) ETF
IFS,IFS Construction Services Ltd
IFT,Infratil Limited
IG6,International Graphite Limited
IGB,Ishares Treasury ETF
IGE,Integrated Green Energy Solutions Ltd
IGG,Ingena Group Limited
IGL,IVE  Group Limited 
IGN,Ignite Limited
IGO,IGO Limited
IGR,Integra Mining Limited
IGS,International Goldfields Limited
IGX,IGDX Holdings Limited
IHCB,iShares Core Global Corporate Bond (AUD Hedged) ETF
IHD,iShares S&P/ASX High Dividend Opportunities ETF
IHEB,iShares JP Morgan USD Emerging Markets Bond (AUD Hedged) ETF 
IHHY,iShares Global High Yield Bond (AUD Hedged) ETF 
IHK,iShares MSCI Hong Kong ETF
IHL,Incannex Healthcare Limited
IHOO,Ishares Global 100 AUD Hedged ETF
IHR,intelliHR Limited
IHVV,iShares S&P AUD Hedged ETF
IHWL,iShares Core MSCI World Ex Australia ESG Leaders (AUD Hedged) ETF
IIF,ING Industrial Fund
IIGF,Intelligent Investor Australian Equity Growth Fund (Managed Fund)
IIN,iiNET Limited
IIND,BetaShares India Quality ETF
IIQ,INOVIQ Ltd
IJH,iShares S&P Mid-Cap ETF
IJP,iShares MSCI Japan ETF
IJR,iShares S&P Small-Cap ETF
IKE,ikeGPS Group Limited
IKO,iShares MSCI South Korea ETF
IKW,Ikwezi Minings Limited
ILA,Island Pharmaceuticals Limited
ILB,Ishares Government Inflation ETF
ILC,iShares S&P/ASX 20 ETF
ILU,Iluka Resources Limited
IMA,Image Resources NL
IMB,Intelligent Monitoring Group Limited
IMC,Immuron Limited
IMD,Imdex Limited
IME,ImExHS Limited
IMI,Infinity Mining Limited
IMM,Immutep Limited
IMPQ,eInvest Better Future (Managed Fund)
IMR,Imricor Medical Systems Inc
IMS,Impelus Limited
IMU,Imugene Limited
INA,Ingenia Communities Group
INCM,BetaShares Global Income Leaders ETF
IND,Industrial Minerals Ltd
IND1,Indus Energy NL
INES,Intelligent Investor Ethical Share Fund (Managed Fund)
INF,Infinity Lithium Corporation Limited
ING,Inghams Group Limited
INIF,Intelligent Investor Aus Equity Income Fund (Managed Fund)
INL,Innlanz Limited
INM,Iron Mountain Incorporated
INP,IncentiaPay Limited
INR,ioneer Ltd
INV,InvestSMART Group Limited
IOD,IODM Limited
IOF,Investa Office Fund
IOH,Iron Ore Holdings Limited
IOO,iShares Global 100 ETF
IOT,IOT Group Limited
IOU,IOUpay Limited
IOZ,iShares Core S&P/ASX 200 ETF
IPA,Indigo Properties Australia Limited
IPB,IPB Petroleum Limited
IPC,Imperial Pacific Limited
IPD,ImpediMed Limited
IPE,IPE Limited
IPG,IPD Group Ltd
IPH,IPH Limited
IPL,Incitec Pivot Limited
IPM,Incremental Petroleum Limited
IPN,Independent Practitioner Network Ltd
IPO,International Petroleum Limited
IPP,iProperty Group Limited
IPT,Impact Minerals Limited
IPX,IperionX Limited
IPX1,Intrapower Limited
IQ3,IQ3CORP Limited
IQE,Intueri Education Group Limited
IR1,IRIS Metals Limited
IRD,Iron Road Limited
IRE,IRESS Limited
IRI,Integrated Research Limited
IRL,India Resources Limited
IRN,Indophil Resources NL
IRU,iShares Russell 2000 ETF
IRX,InhaleRx Limited
IS3,I Synergy Group Limited
ISD,iSentia Group Limited
ISEC,Ishares Enhanced Cash ETF
ISF,iSOFT Group Limited
ISG,iShares MSCI Singapore ETF
ISO,iShares S&P/ASX Small Ordinaries ETF Index Fund 
ISS,ISS Group Limited
ISU,iSelect Limited
ITC,Impress Energy Limited
ITD,ITL Health Group Limited
ITG,Intega Group Limited
ITL,Integrated Media Technology Limited
ITM,iTech Minerals Ltd
ITO,Intoll Group
ITQ,Intecq Limited
ITR,Interra Resources Limited
ITW,iShares MSCI Taiwan ETF
ITX,itX Group Limited
IUL,Imagine Un Limited
IVA,Inova Resources Limited
IVC,InvoCare Limited
IVE,iShares MSCI EAFE ETF
IVG,Invictus Gold Limited
IVO,Invigor Group Limited
IVQ,Invitrocue Limited
IVR,Investigator Resources Ltd
IVS,IVS Holdings Ltd
IVT,Inventis Limited
IVV,iShares S&P 500 ETF
IVX,Invion Limited
IVZ,Invictus Energy Ltd
IWI,International Wine Investment Fund (The)
IWLD,iShares Core MSCI World Ex Australia ESG Leaders ETF
IXC,Invex Therapeutics Ltd
IXI,iShares Global Consumer Staples ETF
IXJ,iShares Global Healthcare ETF
IXP,iShares Global Telecom ETF
IXR,Ionic Rare Earths Limited
IXU,IXUP Limited
IYLD,iShares Yield Plus ETF
IZZ,iShares China Large-Cap ETF
JAK,Jackson Minerals Limited
JAL,Jameson Resources Limited
JAN,Janison Education Group Limited
JAT,Jatcorp Limited
JAV,Javelin Minerals Limited
JAY,Jayride Group Limited
JBH,JB Hi-Fi Limited
JCI,Jiancheng International Group Ltd
JCS,Jcurve Solutions Ltd
JDO,Judo Capital Holdings Limited
JGH,Jade Gas Holdings Limited
JHC,Japara Healthcare Limited
JHG,Janus Henderson Group PLC
JHX,James Hardie Industries Plc
JIN,Jumbo Interactive Limited
JIP,Jack-In Group Limited
JJF,Jiajiafu Modern Agriculture Limited
JKA,Jacka Resources Limited
JLG,Johns Lyng Group Limited
JML,Jabiru Metals Limited
JMS,Jupiter Mines Limited.
JMS1,Jupiter Mines Limited
JNO,Juno Minerals Limited
JPR,Jupiter Energy Limited
JRL,Jindalee Resources Limited
JRV,Jervois Global Limited
JTL,Jayex Technology Limited
JVG,JV Global Limited
JXT,Jaxsta Ltd
JYC,Joyce Corporation Limited
K2F,K2fly Limited
K2P,Kore Potash Limited
KAB,Kaboko Mining Limited
KAI,Kairos Minerals Limited
KAL,Kalgoorlie Gold Mining Limited
KAM,K2 Asset Management Holdings Limited
KAR,Karoon Energy Ltd
KAS,Kasbah Resources Limited
KAT,Katana Capital Limited
KAU,Kaiser Reef Limited
KBC,Keybridge Capital Limited
KBL,KBL Mining Limited
KCC,Kincora Copper Limited
KCN,Kingsgate Consolidated Limited
KDL,Kimberley Diamonds Ltd
KDR,Kidman Resources Limited
KED,Keypath Education International Inc
KEN,KUTh Energy Limited
KEY,Key Petroleum Limited
KFE,Kogi Iron Limited
KFG,Kingform Health Hometextile Group Limited
KFM,Kingfisher Mining Ltd
KGD,Kula Gold Limited
KGL,KGL Resources Limited
KGM,Kalnorth Gold Mines Limited
KGN,Kogan.com Ltd
KHF,KH Foods Limited
KII,K2 Global Equities Fund (Hedge Fund)
KIL,Kiland Ltd
KIN,Kin Mining NL
KKC,KKR Credit Income Fund
KKL,Kollakorn Corporation Limited
KKO,Kinetiko Energy Limited
KKT,Konekt Limited
KLA,Kirkland Lake Gold Ltd
KLI,Killi Resources Limited
KLL,Kalium Lakes Limited
KLM,KLM Group Ltd
KLO,Kingsland Global Ltd
KLR,Kaili Resources Limited
KLS,Kelsian Group Limited
KMC,Kalgoorlie Mining Company Ltd
KMD,KMD Brands Limited
KME,Kip McGrath Education Centres Limited
KMR,Kumarina Resources Limited
KNB,Koonenberry gold Limited
KNG,Kingsland Minerals Ltd
KNH,Koon Holdings Limited
KNI,Kuniko Limited
KNM,Kneomedia Limited
KNO,Knosys Limited
KOB,Koba Resources Limited
KOR,Korab Resources Limited
KOV,Korvest Ltd
KP2,Kore Potash Plc
KPC,Kazakhstan Potash Corporation Limited
KPE,Kina Petroleum Corporation
KPG,Kelly Partners Group Holdings Limited
KPL,Kina Petroleum Limited
KPO,Kalina Power Limited
KPR,Kupang Resources Limited
KRL,Kangaroo Resources Limited
KRM,Kingsrose Mining Limited
KRR,King River Resources Limited
KRS,Kresta Holdings Limited
KSC,K&S Corporation Limited
KSL,Kina Securities Limited
KSM,K2 Australian Small Cap Fund (Hedge Fund)
KSN,Kingston Resources Limited
KSS,Kleos Space S.A
KTA,Krakatoa Resources Limited
KTE,K2 Energy Limited
KTG,K-TIG Limited 
KTL,KTL Technologies Limited
KWR,Kingwest Resources Limited
KYC,Keycorp Limited
KYK,Kyckr Limited
KZA,Kazia Therapeutics Limited
KZL,Kagara Limited
KZR,Kalamazoo Resources Limited
LAA,Latam Autos Limited
LAM,Laramide Resources Ltd
LAN,Lanyon Investment Company Limited
LAS,Lasseters Corporation Limited
LAU,Lindsay Australia Limited
LAW,LawFinance Limited
LBL,Laserbond Limited
LBT,LBT Innovations Limited
LBY,Laybuy Group Holdings Limited
LCA,Litigation Capital Management Limited
LCE,London City Equities Limited
LCL,Los Cerros Limited
LCT,Living Cell Technologies Limited
LCY,Legacy Iron Ore Limited
LDM,Land and Mineral Exploration Limited 
LDR,Lode Resources Ltd
LDW,Ludowici Limited
LDX,Lumos Diagnostics Holdings Limited
LEG,Legend Mining Limited
LEL,Lithium Energy Limited
LEP,ALE Property Group
LER,Leaf Resources Ltd
LEX,Lefroy Exploration Limited
LFC,Life Corporation Ltd
LFG,Liberty Financial Group
LFS,Latitude Group Holdings Limited
LGD,Legend Corporation Limited
LGL,Lynch Group Holdings Limited
LGL1,Lihir Gold Limited
LGM,Legacy Minerals Holdings Limited
LGM1,Luiri Gold Limited
LGO,Longreach Oil Limited
LGP,Little Green Pharma Ltd
LGR,Lanka Graphite Limited
LHB,Lionhub Group Limited
LHC,Lifehealthcare Group Limited
LHD,Lochard Energy Group plc
LHM,Land & Homes Group Limited
LIC,Lifestyle Communities Limited
LIN,Lindian Resources Limited
LIO,Lion Energy Limited
LIS,Li-S Energy Limited
LIT,Lithium Australia Limited
LKE,Lake Resources NL
LKO,Lakes Blue Energy NL
LKY,Locksley Resources Limited
LLA,Living and Leisure Australia Group
LLC,Lendlease Group
LLL,Leo Lithium Limited
LLO,Lion One Metals Limited
LLP,Lend Lease Primelife Group
LM8,Lunnon Metals Limited
LMC,Lemarne Corporation Limited
LME,"Limeade, Inc."
LME1,L&M Energy Limited
LMG,Latrobe Magnesium Limited
LML,Lincoln Minerals Limited
LMR,Lemur Resources Limited
LNAS,Global X Ultra Long Nasdaq 100 Hedge Fund
LNC,Linc Energy Ltd
LNG,Liquefied Natural Gas Limited
LNK,Link Administration Holdings Limited
LNN,Lion Nathan Limited
LNR,Lanthanein Resources Ltd
LNR1,Lonestar Resources Limited
LNU,Linius Technologies Limited
LNY,Laneway Resources Ltd
LOM,Lucapa Diamond Company Limited
LOT,Lotus Resources Limited
LOV,Lovisa Holdings Limited
LPD,Lepidico Ltd
LPE,Locality Planning Energy Holdings Limited
LPGD,Loftus Peak Global Disruption Fund (Managed Fund)
LPI,Lithium Power International Limited
LPM,Lithium Plus Minerals Ltd
LRC,Laguna Resources NL
LRD,Lord Resources Limited
LRF,LinQ Resources Fund
LRK,Lark Distilling Co. Ltd
LRL,Labyrinth Resources Limited
LRL1,Leyshon Resources Limited
LRS,Latin Resources Limited
LRT,Lowell Resources Fund
LRV,Larvotto Resources Limited
LSA,Lachlan Star Limited
LSF,L1 Long Short Fund Limited
LSL,Luminus Systems Limited
LSR,Lodestar Minerals Limited
LST,Lion Selection Limited
LSX,Lion Selection Group Limited 
LTN,Lantern Hotel Group
LTR,Liontown Resources Limited
LV1,Live Verdure Ltd
LVE,Love Group Global Ltd
LVH,LiveHire Limited
LVL,LV Living Limited
LVT,Livetiles Limited
LWB,Little World Beverages Limited
LYC,Lynas Rare Earths Limited
LYK,Lykos Metals Limited
LYL,Lycopodium Limited
LYN,Lycaon Resources Limited
M24,Mamba Exploration Limited
M2M,Mt Malcolm Mines NL
M2R,Miramar Resources Limited
M3M,M3 Mining Limited
M7T,Mach7 Technologies Limited
M8S,M8 Sustainable Limited
MA1,Monash Absolute Investment Company Limited
MAAT,Monash Absolute Active Trust (Hedge Fund)
MAC,Macro Corporation Limited
MAD,Mader Group Limited
MAET,Munro Global Growth Fund
MAF,MA Financial Group Limited
MAG,Magmatic Resources Limited
MAH,Macmahon Holdings Limited
MAI,Mainstream Group Holdings Limited
MAM,Microequities Asset Management Group Limited
MAN,Mandrake Resources Limited
MAN1,Magna Mining NL
MAP,Microba Life Sciences Limited
MAQ,Macquarie Telecom Group Limited
MAS,Mesa Minerals Limited
MAT,Matsa Resources Limited
MAU,Magnetic Resources NL
MAX,Millinium's Alternatives Fund
MAY,Melbana Energy Limited
MBC,Malabar Coal Limited
MBD,MBD Corporation Limited
MBH,Maggie Beer Holdings Ltd
MBK,Metal Bank Limited
MBN,Mirabela Nickel Limited
MBT,Mission NewEnergy Limited
MBX,My Foodie Box Limited
MCA,Murray Cod Australia Limited
MCB,MCB Resoures Limited
MCC,Macarthur Coal Limited
MCE,Matrix Composites & Engineering Limited
MCG,Macquarie Communications Infrastructure Group
MCH,Murchison Holdings Limited
MCK,MacarthurCook Limited
MCL,Mighty Craft Limited
MCM,MC Mining Limited
MCO,Morning Star Gold NL
MCP,McPherson's Limited
MCQ,Macquarie Capital Alliance Group
MCR,Mincor Resources NL
MCS,Mcaleese Limited
MCT,Metalicity Limited
MCU,Mitchell Communication Group Limited
MCX,Mariner Corporation Limited
MCY,Mercury NZ Limited
MDC,Medlab Clinical Limited
MDD,Mandalong Resources Limtied
MDG,Medtech Global Limited
MDI,Middle Island Resources Limited
MDL,Mineral Deposits Limited
MDO,Mindoro Resources Limited
MDR,MedAdvisor Limited
MDV,Medivac Limited
MDX,Mindax Limited
MEA,McGrath Holding Company Limited
MEA1,Media Corporation Australia Limited
MEB,Medibio Limited
MEC,Morphic Ethical Equities Fund Limited
MED,Merlin Diamonds Limited
MEG,Megado Minerals Limited
MEG2,MCM Entertainment Group Limited
MEI,Meteoric Resources NL
MEK,Meeka Metals Limited
MEL,Metgasco Limited
MEM,Memphasys Limited
MEP,Minotaur Exploration Limited
MEQ,Metlifecare Limited
MES,Mesbon China Nylon Limited
MEU,Marmota Limited
MEZ,Meridian Energy Limited
MFB,My Food Bag Group Limited
MFD,Mayfield Childcare Limited
MFF,MFF Capital Investments Limited
MFG,Magellan Financial Group Limited
MGA,MetalsGrove Mining Ltd
MGC,MG Unit Trust
MGE,Magellan Global Equities Fund (Managed Fund) 
MGF,Magellan Global Fund
MGG,Mogul Games Group Ltd
MGG1,Magellan Global Trust
MGH,MAAS Group Holdings Limited
MGL,Magontec Limited
MGN,Magellan Petroleum Corporation
MGO,Marengo Mining Limited
MGOC,Magellan Global Fund (Open Class) (Managed Fund)
MGR,Mirvac Group
MGT,Magnetite Mines Limited
MGU,Magnum Mining and Exploration Limited
MGV,Musgrave Minerals Limited
MGX,Mount Gibson Iron Limited
MGZ,Medigard Limited
MHC,Manhattan Corporation Limited
MHD,Millennium Limited
MHG,Magellan Global Equities Fund (Currency Hedged)
MHH,Magellan High Conviction Trust
MHI,Merchant House International Limited
MHJ,Michael Hill International Limited
MHK,Metal Hawk Limited
MI6,Minerals 260 Limited
MICH,Magellan Infrastructure Fund (Currency Hedged)
MIF,Macarthurcook Industrial Property Fund
MIG,A.C.N. 059 457 279 Limited
MIH,MNC Media Investment Ltd 
MII,Meridian Minerals Limited
MIL,Millennium Services Group Limited
MIN,Mineral Resources Limited
MIO,Macarthur Minerals Limited
MIO1,Miclyn Express Offshore Limited
MIR,Mirrabooka Investments Limited
MIX,Mirvac Industrial Trust
MJP,Martin Aircraft Company Limited
MKAX,Montaka Global Extension Fund (Quoted Managed Hedge Fund)
MKE,Mako Hydrocarbons Limited
MKG,Mako Gold Limited
MKL,Mighty Kingdom Limited
MKO,Metaliko Resources Limited
MKR,Manuka Resources Ltd
MLA,Medical Australia Limited
MLC,Mothercare Australia Limited
MLD,Maca Limited
MLG,MLG Oz Limited
MLM,Metallica Minerals Limited
MLS,Metals Australia Ltd
MLT,Milton Corporation Limited
MLX,Metals X Limited
MM1,Midas Minerals Ltd
MM8,Medallion Metals Limited
MMA,Maronan Metals Limited
MMC,Mitre Mining Corporation Limited
MMC2,Marengo Mining Limited
MME,MoneyMe Limited
MMG,Monger Gold Ltd
MMG2,MMG Limited
MMI,Metro Mining Limited
MMM,Marley Spoon AG
MMR,MEC Resources Limited
MMS,McMillan Shakespeare Limited
MMW,Magma Metals Limited
MMX,Murchison Metals Ltd
MMZ,Mooter Media Limited
MNB,Minbos Resources Limited
MND,Monadelphous Group Limited
MNRS,Betashares Global Gold Miners ETF - Currency Hedged
MNS,Magnis Energy Technologies Ltd
MNW,Mint Payments Limited
MNY,Money3 Corporation Limited
MOAT,VanEck Morningstar Wide Moat ETF
MOB,Mobilicom Limited
MOC,Mortgage Choice Limited
MOD,MOD Resources Limited
MOG,Moby Oil & Gas Limited
MOGL,Montaka Global Long Only Equites Fund (Managed Fund)
MOH,Moho Resources NL
MOL,Moly Mines Limited
MOM,Moab Minerals Limited
MONY,UBS IQ Cash ETF
MOQ,MOQ Limited
MOS,Mosaic Oil NL
MOT,Metrics Income Opportunities Trust
MOY,Millennium Minerals Limited
MOZ,Mosaic Brands Limited
MP1,Megaport Limited
MPA,Mad Paws Holdings Limited
MPA1,Marine Produce Australia Limited
MPG,Many Peaks Gold Limited
MPL,Medibank Private Limited
MPO,Molopo Energy Limited
MPP,Metro Performance Glass Limited
MPR,MPower Group Limited
MPX,Mustera Property Group Limited
MQG,Macquarie Group Limited
MQR,Marquee Resources Limited
MR1,Montem Resources Limited
MRC,Mineral Commodities Limited
MRD,Mount Ridley Mines Limited
MRE,Minara Resources Limited
MRG,Murray River Organics Group Limited
MRI,My Rewards International Limited
MRI1,MRI Holdings Limited
MRL,Mayur Resources Limited
MRM,MMA Offshore Limited
MRN,Macquarie Media Limited
MRP,Macphersons Resources Limited
MRQ,MRG Metals Limited
MRR,MinRex Resources Limited
MRU,Mantra Resources Limited
MRV,Moreton Resources Ltd
MRZ,Mont Royal Resources Limited
MRZ1,Mirvac Real Estate Investment Trust
MSA,MYSALE Group PLC
MSA2,MacathurCook Asian Real Estate Securities Fund
MSB,Mesoblast Limited
MSF,MSF Sugar Limited
MSG,MCS Services Limited
MSI,Multistack International Limited
MSL,MSL Solutions Limited
MSL2,The MAC Services Group Limited
MSM,MSM Corporation International Ltd
MSP,Maxsec Group Limited
MST,Metal Storm Limited
MSTR,Morningstar International Shares Active ETF (Managed Fund)
MSV,Mitchell Services Limited
MTB,Mount Burgess Mining NL
MTC,Metalstech Limited
MTD,Metroland Australia Limited
MTH,Mithril Resources Limited
MTL,Manalto Limited
MTL2,Mount Adrah Gold Limited
MTM,Mt Monger Resources Limited
MTM1,Mareterram Limited
MTO,Motorcycle Holdings Limited
MTR,Metal Tiger Plc
MTR3,Mantra Group Limited
MTS,Metcash Limited
MTU,M2 Group Ltd 
MUA,Mitula Group Limited
MUB,Mongolian Resource Corporation Ltd
MUE,Multiplex European Property Fund
MVA,VanEck Australian Property ETF
MVB,VanEck Australian Banks ETF
MVE,VanEck S&P/ASX MidCap ETF
MVF,Monash IVF Group Limited
MVL,Marvel Gold Limited
MVOL,ishares Edge MSCI Australia Minimum Volatility ETF
MVP,Medical Developments International Limited
MVR,VanEck Australian Resources ETF
MVS,VanEck Small Companies Masters ETF
MVT,Mercantile Investment Company Ltd
MVU,Matrix View
MVW,VanEck Australian Equal Weight ETF
MWE,Mawson West Limited
MWG,Macquarie Winton Global Opportunities Trust
MWY,Midway Limited
MX1,Micro-X Limited
MXC,MGC Pharmaceuticals Ltd
MXI,MaxiPARTS Limited
MXO,Motio Ltd
MXQ,Max Trust
MXR,Maximus Resources Limited
MXT,Metrics Master Income Trust
MYD,MyDeal.com.au Limited
MYE,Metarock Group Limited
MYG,Mayfield Group Holdings Limited
MYG1,Mutiny Gold Limited
MYL,Mallee Resources Limited
MYO,MYOB Group Limited
MYO1,MYOB Limited
MYR,Myer Holdings Limited
MYS,MyState Limited
MYX,Mayne Pharma Group Limited
MZI,MZI Resources Limited
MZU,Mazu Alliance Limited
MZZ,Matador Mining Limited
N1H,N1 Holdings Limited
NAB,National Australia Bank Limited
NAC,NAOS Ex-50 Opportunities Company Limited
NAE,New Age Exploration Limited
NAG,Nagambie Resources Limited
NAM,Namoi Cotton Limited
NAN,Nanosonics Limited
NBI,NB Global Corporate Income Trust
NBS,Nexbis Limited
NC1,NICO Resources Limited
NC6,nanollose Limited
NCC,Naos Emerging Opportunities Company Limited
NCI,National Can Industries Limited
NCK,Nick Scali Limited
NCL,Netccentric Limited
NCM,Newcrest Mining Limited
NCR,Nucoal Resources Limited
NCZ,New Century Resources Limited
NDIA,Global X India Nifty 50 ETF
NDO,Nido Petroleum Limited
NDQ,BetaShares NASDAQ 100 ETF
NEA,Nearmap Ltd
NEC,Nine Entertainment Co. Holdings Limited
NEC1,Northern Energy Corporation Limited
NEM,Newmont Mining Corporation
NEN,Neon Capital Ltd
NER,Neo Resources Limited
NES,Nelson Resources Limited
NET,NetLinkz Limited
NEU,Neuren Pharmaceuticals Limited
NEW,New Energy Solar
NFK,Norfolk Group Limited
NFL,Norfolk Metals Limited
NGE,NGE Capital Limited
NGF,Norton Gold Fields Limited
NGI,Navigator Global Investments Limited
NGM,NGM Resources Limited
NGS,Nutritional Growth Solutions Ltd
NGX,Norseman Gold PLC
NGY,NuEnergy Gas Limited
NHC,New Hope Corporation Limited
NHE,Noble Helium Limited
NHF,NIB Holdings Limited
NHH,Newhaven Hotels Limited
NHR,National Hire Group Limited
NIC,Nickel Industries Limited
NIM,Nimy Resources Limited
NIS,NickelSearch Limited
NIU,Niuminco Group Limited
NKL,Nickelx Limited
NKP,Nkwe Platinum Limited
NLG,National Leisure & Gaming Limited
NLX,Nylex Limited
NME,Nex Metals Exploration Limited
NMI,Northern Mining Limited
NML,Navarre Minerals Limited
NMM,Noble Metals Limited
NMR,Native Mineral Resources Holdings Limited
NMT,Neometals Limited
NNG,Nexion Group Ltd
NNL,Nordic Nickel Limited
NOC,Northern Crest Investments Limited
NOE,Novarise Renewable Resources International Limited
NOL,NobleOak Life Limited
NOR,Norwood Systems Limited
NOU,Noumi Limited
NOV,Novatti Group Limited
NOX,Noxopharm Limited
NPM,NewPeak Metals Limited
NPX,Nuplex Industries Limited
NQM,North Queensland Metals Limited
NRX,Noronex Limited
NRZ,NeuRizer Ltd
NSB,NeuroScientific Biopharmaceuticals Ltd
NSC,NAOS Small Cap Opportunities Company Limited
NSE,New Standard Energy Limited
NSM,North Stawell Minerals Ltd
NSN,Natasa Mining Ltd
NSR,National Storage REIT
NST,Northern Star Resources Ltd
NSX,NSX Limited
NTC,NetComm Wireless Limited
NTD,National Tyre & Wheel Limited
NTI,Neurotech International Limited
NTL,New Talisman Gold Mines Limited
NTM,NT Minerals Limited
NTM1,NTM Gold Limited
NTO,Nitro Software Limited
NTU,Northern Minerals Limited
NUC,Nuchev Limited
NUF,Nufarm Limited
NUH,Nuheara Limited
NUS,Nusantara Resources Limited
NVA,Nova Minerals Limited
NVL,National Veterinary Care Ltd
NVN,Novion Property Group
NVT,Navitas Limited
NVU,Nanoveu Limited
NVX,NOVONIX Limited
NWC,New World Resources Limited
NWE,Norwest Energy NL
NWF,Newfield Resources Limited
NWH,NRW Holdings Limited
NWL,Netwealth Group Limited
NWM,Norwest Minerals Limited
NWR,Northwest Resources Limited
NWS,News Corporation
NWT,Newsat Limited
NXG,NexGen Energy (Canada) Ltd
NXL,Nuix Limited
NXM,Nexus Minerals Limited
NXR,Nemex Resources Limited
NXS,Next Science Limited
NXS1,Nexus Energy Limited
NXT,NEXTDC Limited
NYM,Narryer Metals Limited
NYO,Nyota Minerals Limited
NYR,Nyrada Inc
NZC,Nzuri Copper Limited
NZK,New Zealand King Salmon Investments Limited
NZM,NZME Limited
NZO,New Zealand Oil & Gas Limited
NZS,New Zealand Coastal Seafoods Limited 
OAK,Oakridge International Limited
OAK2,Oaks Hotels & Resorts Limited 
OAR,OAR Resources Limited
OAU,Ora Gold Limited
OBL,Omni Bridgeway Limited
OBM,Ora Banda Mining Ltd
OBS,Orbis Gold Limited
OCA,Oceania Healthcare Limited
OCC,Orthocell Limited
OCE,Ocean Capital Limited
OCL,Objective Corporation Limited
OCN,Oceana Lithium Limited
OCP,Oceania Capital Partners Limited
OCT,Octava Minerals Limited
OD6,OD6 Metals Limited
ODA,Orcoda Limited
ODE,Odessa Minerals Limited
ODG,Odyssey Gaming Limited
ODM,Odin Metals Limited
ODN,Odin Energy Limited
ODY,Odyssey Gold Ltd
OEC,Orbital Corporation Limited
OEL,Otto Energy Limited
OEQ,Orion Equities Limited
OFX,OFX Group Limited
OGC,OceanaGold Corporation
OGH,Ochre Group Holdings Limited
OGL,OGL Resources Limited
OGX,Orinoco Gold Limited
OHE,Orion Health Group Limited
OIL,Optiscan Imaging Limited
OKJ,Oakajee Corporation Limited
OKN,Oakton Limited
OKR,Okapi Resources Limited
OKU,Oklo Resources Limited
OLH,Oldfields Holdings Limited
OLI,Oliver's Real Food Limited
OLL,OpenLearning Limited
OLV,Otherlevels Holdings Limited
OLY,Olympio Metals Limited
OM1,Omnia Metals Group Limited
OMH,OM Holdings Limited
OML,Oohmedia Limited 
OMN,OneMarket Limited
OMX,Orange Minerals NL
ONE,Oneview Healthcare Plc
ONL,One North Entertainment Limited
ONT,1300 Smiles Limited
OOH,Oohmedia Group Limited
OOK,Ookami Limited
OOO,BetaShares Crude Oil Index ETF-Currency Hedged (Synthetic)
OPC,OptiComm Ltd
OPG,Opus Group Limited
OPH,Ophir High Conviction Fund
OPL,Opyl Limited
OPN,Openn Negotiation Limited
OPT,Opthea Limited
OPY,Openpay Group Ltd
ORA,Orora Limited
ORG,Origin Energy Limited
ORH,ORH Limited
ORI,Orica Limited
ORL,OrotonGroup Limited
ORM,Orion Metals Limited
ORN,Orion Minerals Ltd 
ORR,Orecorp Limited
ORS,Octagonal Resources Limited
OSH,Oil Search Limited
OSL,Oncosil Medical Limited
OSM,Osmond Resources Limited
OSP,Osprey Medical Inc.
OSX,Osteopore Limited
OTH,Onthehouse Holdings Limited
OTR,Onterran Limited
OTW,Over The Wire Holdings Limited
OUM,Outback Metals Limited
OVH,Onevue Holdings Limited
OVN,Oventus Medical Limited
OVT,Ovato Limited
OXT,Orexplore Technologies Limited
OXX,Octanex Limited
OZF,SPDR S&P/ASX200 Financials ex-REIT Fund
OZG,Ozgrowth Limited
OZL,OZ Minerals Limited
OZM,OzAurum Resources Limited
OZR,SPDR S&P/ASX200 Resources Fund
OZZ,Ozz Resources Limited
P2P,P2P Transport Limited
PAA,PharmAust Limited
PAB,Patrys Limited
PAC,Pacific Current Group Limited
PAF,PM Capital Asian Opportunities Fund Limited
PAG,PrimeAg Australia
PAI,Platinum Asia Investments Limited
PAL,Palla Pharma Limited
PAM,Pan Asia Metals Limited
PAN,Panoramic Resources Limited
PAR,Paradigm Biopharmaceuticals Limited
PAW,Pawnee Energy Limited
PAXX,Platinum Asia Fund (Quoted Managed Hedge Fund)
PAY,Payce Consolidated Limited
PBA,Peoplebank Australia Limited
PBB,Pacifica Group Limited
PBG,Pacific Brands Limited
PBH,Pointsbet Holdings Limited
PBL,Parabellum Resources Limited
PBP,Probiotec Limited
PC1,Plus Connect Limited
PCG,Pengana Capital Group Limited
PCH,Property Connect Holdings Limited
PCI,Perpetual Credit Income Trust
PCK,PainChek Ltd
PCL,Pancontinental Energy NL
PCP,Paramount Mining Corporation Limited
PDF,Pacific Dairies Limited
PDI,Predictive Discovery Ltd
PDL,Pendal Group Limited
PDN,Paladin Energy Ltd
PE1,Pengana Private Equity Trust
PEA,Pacific Energy Limited
PEC,Perpetual Resources Limited
PEG,Pixie Group Limited
PEK,Peak Rare Earths Limited
PEM,Perilya Limited
PEN,Peninsula Energy Limited
PEO,People Telecom Limited
PEP,Pepper Group Limited
PES,Pure Energy Resources Limited
PET,Phoslock Environmental Technologies Limited
PET1,Peters MacGregor Investments Limited
PEX,Peel Mining Limited
PEZ,Premiere Eastern Energy Limited
PF1,Pathfinder Resources Ltd
PFE,Pantera Minerals Limited
PFG,Prime Financial Group Limited
PFL,Patties Foods Limited
PFM,Pacific Mining Limited
PFP,Propel Funeral Partners
PFT,Pure Foods Tasmania Limited
PG1,Pearl Global Limited
PGC,Paragon Care Limited
PGD,Peregrine Gold Ltd
PGF,PM Capital Global Opportunities Fund Limited
PGG,Partners Group Global Income Fund
PGH,Pact Group Holdings Ltd
PGL,Prospa Group Limited
PGM,Platina Resources Limited
PGO,Pacgold Limited
PGO2,Primary Gold Limited
PGR,The PAS Group Limited
PGX,Primero Group Limited
PGY,Pilot Energy Limited
PH2,Pure Hydrogen Corporation Limited
PHG,Pulse Health Limited
PHI,Phileo Australia Limited
PHL,Propell Holdings Limited
PHL2,Pearl Healthcare Limited
PHO,PhosCo Ltd
PIA,Pengana International Equities Limited
PIC,Perpetual Equity Investment Company Limited
PIH,Prime Infrastructure Group
PIL,Peppermint Innovation Limited
PIM,Pinnacle Minerals Limited
PIN,PINCHme.com Inc.
PIQ,Proteomics International Laboratories Ltd
PIR,Papillon Resources Limited
PIXX,Platinum International Fund (Quoted Managed Hedge Fund)
PKD,Parkd Ltd
PKO,Peako Limited
PL8,Plato Income Maximiser Limited
PLA,Platinum Australia Limited
PLB,Plan B Group Holdings Limited
PLC,PLC Financial Solutions Limited
PLG,Pearl Gull Iron Limited
PLG2,Propertylink Group
PLI,Peplin Inc.
PLL,Piedmont Lithium Limited
PLS,Pilbara Minerals Limited
PLT,Plenti Group Limited
PLT1,Polartechnics Limited
PLUS,VanEck Australian Corporate Bond Plus ETF
PLV,Pluton Resources Limited
PLX,Pyrolyx AG
PLY,PlaySide Studios Limited
PLY1,Polymetals Mining Limited
PM8,Pensana Plc
PMC,Platinum Capital Limited
PME,Pro Medicus Limited
PMGOLD,Perth Mint
PMH,PacMag Metals Limited
PMV,Premier Investments Limited
PMX,PIMCO Global Income Opportunities Trust
PMX2,Palamedia Limited
PNA,PanAust Limited
PNC,Pioneer Credit Limited
PNI,Pinnacle Investment Management Group Limited
PNM,Pacific Nickel Mines Limited
PNM1,Pallane Medical Limited
PNN,Power Minerals Limited
PNR,Pantoro Limited
PNT,Panther Metals Ltd
PNV,Polynovo Limited
PNX,PNX Metals Limited
PO3,Purifloh Limited
POD,Podium Minerals Limited
POL,Polymetals Resources Ltd
POL2,Polaris Metals NL
POS,Poseidon Nickel Limited
POU,BetaShares British Pound ETF
POW,Protean Energy Limited
PPC,Peet Limited
PPE,Peoplein Limited
PPG,PRO-PAC Packaging Limited
PPH,Pushpay Holdings Limited
PPI,Pelorus Property Group Limited
PPK,PPK Group Limited
PPL,Pureprofile Ltd
PPM,Pepper Money Limited
PPM1,Primero Mining Corp.
PPN,Planet Platinum Limited
PPP,Pan Pacific Petroleum NL
PPS,Praemium Limited
PPT,Perpetual Limited
PPY,Papyrus Australia Limited
PR1,Pure Resources Limited
PRC,Pike River Coal Limited
PRG,Programmed Maintenance Services Ltd
PRH,Phillips River Mining Limited
PRL,Province Resources Ltd
PRM,Prominence Energy Limited
PRM1,Plentex Limited
PRN,Perenti Global Limited
PRO,Prophecy International Holdings Limited
PRS,Prospech Limited
PRT,PRT Company Limited
PRU,Perseus Mining Limited
PRV,Premium Investors Limited
PRW,Proto Resources & Investments Ltd
PRX,Prodigy Gold NL
PSA,Petsec Energy Limited
PSC,Prospect Resources Limited
PSH,Penrice Soda Holdings Limited
PSI,PSC Insurance Group Limited
PSI1,Pacific Strategic Investments Limited
PSL,Paterson Resources Ltd
PSP,Prosperity Resources Limited
PSQ,Pacific Smiles Group Limited
PST,Pearlstreet Limited
PTB,PTB Group Limited
PTG,Proptech Group Limited
PTL,Pental Limited
PTM,Platinum Asset Management Limited
PTN,Prime Retirement and Aged Care Property Trust
PTR,Petratherm Ltd
PTX,Prescient Therapeutics Limited
PUA,Peak Minerals Limited
PUR,Pursuit Minerals Limited
PV1,Provaris Energy Ltd
PVA,pSivida Corp
PVE,Po Valley Energy Limited
PVL,Powerhouse Ventures Limited
PVM,PMI Gold Corporation
PVS,Pivotal Systems Corporation Inc
PVT,Provet Holdings Limited
PVW,PVW Resources Limited
PWG,Primewest
PWH,PWR Holdings Limited
PWK,Pipe Networks Limited
PWL,Powerwrap Limited
PWN,Parkway Corporate Limited
PWR,Peter Warren Automotive Holdings Limited
PX1,Plexure Group Limited
PXA,PEXA Group Limited
PXG,Phoenix Gold Limited
PXS,Pharmaxis Ltd
PXX,PolarX Limited
PYC,PYC Therapeutics Limited
PYG,PayGroup Limited
PYR,Payright Limited
PZC,Pan Asia Corporation Limited
QAG,BetaShares Agriculture ETF-Currency Hedged (Synthetic)
QAL,Qualitas Limited
QAN,Qantas Airways Limited
QAU,BetaShares Gold Bullion ETF - Currency Hedged
QBE,QBE Insurance Group Limited
QCB,BetaShares Commodities Basket ETF-Currency Hedged (Synthetic)
QEM,QEM Limited
QFE,QuickFee Limited
QFN,Betashares Australian Financials Sector ETF
QFX,Quickflix Limited
QGC,Queensland Gas Company Limited
QGL,Quantum Graphite Limited
QHAL,VanEck MSCI International Quality (Hedged) ETF
QHL,Quickstep Holdings Limited
QIL,Quoin (Int) Limited
QIN,Quintis Ltd
QIP,QANTM Intellectual Property Limited
QLTY,Betashares Global Quality Leaders ETF
QMG,Quay Magnesium Limited
QMIX,SPDR MSCI World Quality Mix Fund
QML,Qmines Limited
QML1,QMASTOR Limited
QMN,Queensland Mining Corporation Limited
QMS,QMS Media Limited
QOZ,Betashares FTSE RAFI Australia 200 ETF
QPM,Queensland Pacific Metals Limited
QPON,BetaShares Australian Bank Senior Floating Rate Bond ETF
QRE,Betashares Australian Resources Sector ETF
QRI,Qualitas Real Estate Income Fund
QRX,QRxPharma Limited
QSML,VanEck MSCI International Small Companies Quality ETF
QSS,Questus Limited
QST,Quest Investments Limited
QTG,Q Technology Group Limited
QTK,Quiktrak Networks Limited
QTM,Quantum Health Group Limited
QUAL,VanEck MSCI International Quality ETF
QUB,Qube Holdings Limited
QUE,Queste Communications Limited
QUS,BetaShares S&P 500 Equal Weight ETF
QVE,QV Equities Limited
QXR,QX Resources Limited
R3D,R3D Resources Limited
R8R,Regener8 Resources NL
RAB,AdRabbit Limited
RAC,Race Oncology Ltd
RAD,Radiopharm Theranostics Limited
RAF,Raffles Capital Limited
RAG,Ragnar Metals Limited 
RAN,Range International Limited
RAP,ResApp Health Limited
RARI,Russell Invest Aust Responsible Inv ETF
RAS,Ragusa Minerals Ltd
RAT,Rubicon America Trust
RAW,Rawson Oil and Gas Ltd
RB6,Rubix Resources Limited
RBD,Restaurant Brands NZ Limited
RBL,Redbubble Limited
RBR,RBR Group Limited
RBTZ,Betashare Global Robotics And Artificial Intelligence ETF
RBV,Rabinov Property Trust
RBX,Resource Base Limited
RBY,Rockeby Biomed Limited
RC1,Redcastle Resources Limited
RCA,Raw Capital Partners Limited
RCB,Russell Invest Aust Select Corp Bond ETF
RCE,Recce Pharmaceuticals Ltd
RCF,Redcliffe Resources Limited
RCI,Rocklands Richfield Limited
RCL,ReadCloud Limited
RCO,Royalco Resources Limited
RCR,Rincon Resources Limited
RCR1,RCR Tomlinson Limited
RCT,Reef Casino Trust
RCW,Rightcrowd Limited
RCY,Rivercity Motorway Group
RD1,Registry Direct Limited
RDC,Redcape Hotel Group
RDF,Redflex Holdings Limited
RDG,Resource Development Group Limited
RDH,RedHill Education Limited
RDM,Red Metal Limited
RDN,Raiden Resources Limited
RDS,Redstone Resources Limited
RDT,Red Dirt Metals Limited
RDV,Russell Invest High Div Aust Shares ETF
RDY,ReadyTech Holdings Limited
REA,REA Group Ltd
REC,Recharge Metals Limited
REC2,Recall Holdings Limited
RED,Red 5 Limited
REE,RareX Limited
REF,Reverse Corp Limited
REG,Regis Healthcare Limited
REH,Reece Limited
REIT,VanEck FTSE International Property (Hedged) ETF
REM,RemSense Technologies Limited
RENT,AMP Capital Global Property Securities Fund (Unhedged)
RES,Resource Generation Limited
REU,Rubicon Europe Trust Group
REX,Regional Express Holdings Limited
REY,Rey Resources Limited
REZ,Resources & Energy Group Limited
RF1,Regal Investment Fund
RFA,Rare Foods Australia Limited
RFF,Rural Funds Group
RFG,Retail Food Group Limited
RFL,Rubik Financial Limited
RFR,Rafaella Resources Ltd
RFT,Rectifier Technologies Ltd
RFV,Rift Valley Resources Limited
RFX,Redflow Limited
RGB,Russell Invest Aust Govt Bond ETF
RGI,Roto-Gro International Limited
RGL,Riversgold Limited
RGS,Regeneus Ltd
RHC,Ramsay Health Care Limited
RHD,Ross Human Directions Limited
RHG,RHG Limited
RHI,Red Hill Iron Limited
RHL,Ruralco Holdings Limited
RHP,Rhipe Limited
RHS,RHS Limited
RHT,Resonance Health Limited
RHY,Rhythm Biosciences Limited
RIC,Ridley Corporation Limited
RIE,Riedel Resources Limited
RIG,Rongtai International Group Holdings Limited
RIL,Riddock International Limited
RIM,Rimfire Pacific Mining Limited
RINC,Betashares Legg Mason Real Income Fund (Managed Fund)
RIO,Rio Tinto Limited
RIS,Richfield International Limited
RIV,Riversdale Mining Limited
RJT,Rubicon Japanese Trust
RKN,Reckon Limited
RLC,Reedy Lagoon Corporation Limited
RLE,Real Energy Corporation Limited
RLF,RLF AgTech Ltd
RLG,RooLife Group Ltd
RLG1,RCL Group
RLK,Rolek Resources Ltd
RLT,Renergen Limited
RMA,Reeltime Media Limited
RMC,Resimac Group Limited
RMD,ResMed Inc.
RMG,RMG Limited
RMI,Resource Mining Corporation Limited
RML,Resolution Minerals Ltd
RML1,Rusina Mining NL
RMS,Ramelius Resources Limited
RMT,RMA Energy Limited
RMX,Red Mountain Mining Limited
RMY,RMA Global Limited
RNC,Real Estate Corp Limited
RND,Rand Mining Limited
RNE,Renu Energy Limited
RNL,Rision Limited
RNO,Rhinomed Limited 
RNS,Renaissance Minerals Limited
RNT,Rent.com.au Limited
RNU,Renascor Resources Limited
RNX,Renegade Exploration Limited
RNY,RNY Property Trust
ROBO,Global X ROBO Global Robotics & Automation ETF
ROC,RocketBoots Limited
ROC1,Roc Oil Company Limited
ROG,Red Sky Energy Limited
ROK,The Rock Building Society Limited
ROL,Robust Resources Limited
RON,Ronin Resources Ltd
ROO,Roots Sustainable Agricultural Technologies Ltd
RPF,Redcape Property Group
RPG,Raptis Group Limited
RPL,Regal Partners Limited
RPM,RPM Automotive Group Limited
RPM1,Roma Petroleum NL
RPX,RP Data Ltd
RQL,Resource Equipment Ltd
RR1,Reach Resources Limited
RRL,Regis Resources Limited
RRP,Realm Resources Limited
RRR,Revolver Resources Holdings Ltd
RRS,Range Resources Limited
RRT,Record Realty
RSG,Resolute Mining Limited
RSH,Respiri Limited
RSM,Russell Invest Aust Semi-Govt Bond ETF
RTA,Rutila Resources Limited
RTE,"Retech Technology., Co Limited"
RTG,RTG Mining Inc.
RTH,RAS Technology Holdings Limited
RTR,Rumble Resources Limited
RUB,Rubicor Group Limited
RUL,RPMGlobal Holdings Limited
RVA,Reva Medical Inc
RVR,Red River Resources Limited
RVS,Revasum Inc
RWC,Reliance Worldwide Corporation Limited
RWD,Reward Minerals Ltd
RWH,Royal Wolf Holdings Ltd
RWL,Rubicon Water Limited
RXH,Rewardle Holdings Limited
RXL,Rox Resources Limited
RXM,Rex Minerals Limited
RXP,RXP Services Limited
RYD,Ryder Capital Limited
RZI,Raiz Invest Limited
RZR,Razor Risk Technologies Limited
S2R,S2 Resources Limited
S32,South32 Limited
S3N,SensOre Ltd
S66,Star Combo Pharma Limited
SAI,SAI Global Limited
SAKHA,Southern Cross Airports Corporation Holdings Limited
SAN,Sagalio Energy Limited
SAO,Sino Australia Oil & Gas Limited
SAP,Sabina Corporation Limited
SAR,Saracen Mineral Holdings Limited
SAS,Sky and Space Company Ltd
SAU,Southern Gold Limited
SAY,South America Iron & Steel Corporation Limited
SB2,Salter Brothers Emerging Companies Limited
SBB,Sunbridge Group Limited
SBI,Sterling Plantations Limited
SBL,Signature Metals Limited
SBM,St Barbara Limited
SBR,Sabre Resources Limited
SBS,Sub-Sahara Resources NL
SBU,Siburan Resources Limited
SBW,Shekel Brainweigh Ltd
SCB,Scarborough Equities Limited
SCC,Scott Corporation Limited
SCD,Scantech Limited
SCG,Scentre Group
SCL,Schrole Group Ltd
SCN,Scorpion Minerals Limited
SCO,Scottish Pacific Group Limited
SCP,Shopping Centres Australasia Property Group
SCR,Scandinavian Resources Limited
SCT,Scout Security Limited
SCU,Stemcell United Limited
SDA,Speedcast International Limited
SDF,Steadfast Group Limited
SDG,Sunland Group Limited
SDI,SDI Limited
SDL,Sundance Resources Limited
SDM,Sedgman Limited
SDR,SiteMinder Limited
SDT,Shandong Tianye Australia Limited
SDV,SciDev Ltd
SDX,Sienna Cancer Diagnostics Limited
SE1,Sensera Limited
SEA,Sundance Energy Australia Limited
SEC,Spheria Emerging Companies Limited
SEG,Sports Entertainment Group Limited
SEH,Sino Gas & Energy Holdings Limited
SEK,SEEK Limited
SELF,Selfwealth SMSF Leaders ETF
SEN,Senetas Corporation Limited
SEQ,Sequoia Financial Group Ltd
SER,Strategic Energy Resources Limited
SES,SECOS Group Ltd
SFC,Schaffer Corporation Limited
SFG,Seafarms Group Limited
SFI,Spookfish Limited
SFM,Santa Fe Minerals Ltd
SFR,Sandfire Resources Limited
